-- phpMyAdmin SQL Dump
-- version 4.8.1
-- https://www.phpmyadmin.net/
--
-- Host: 127.0.0.1
-- Generation Time: Sep 04, 2018 at 11:06 AM
-- Server version: 10.1.33-MariaDB
-- PHP Version: 7.2.6

SET SQL_MODE = "NO_AUTO_VALUE_ON_ZERO";
SET AUTOCOMMIT = 0;
START TRANSACTION;
SET time_zone = "+00:00";


/*!40101 SET @OLD_CHARACTER_SET_CLIENT=@@CHARACTER_SET_CLIENT */;
/*!40101 SET @OLD_CHARACTER_SET_RESULTS=@@CHARACTER_SET_RESULTS */;
/*!40101 SET @OLD_COLLATION_CONNECTION=@@COLLATION_CONNECTION */;
/*!40101 SET NAMES utf8mb4 */;

--
-- Database: `aloha`
--

-- --------------------------------------------------------

--
-- Table structure for table `admin`
--

CREATE TABLE `admin` (
  `ID` int(11) NOT NULL,
  `Name` varchar(50) NOT NULL,
  `Password` varchar(50) NOT NULL,
  `Email` varchar(50) NOT NULL,
  `MemberID` int(11) NOT NULL,
  `ProjectID` int(11) NOT NULL,
  `ClientID` int(11) NOT NULL
) ENGINE=InnoDB DEFAULT CHARSET=utf32;

--
-- Dumping data for table `admin`
--

INSERT INTO `admin` (`ID`, `Name`, `Password`, `Email`, `MemberID`, `ProjectID`, `ClientID`) VALUES
(1, 'himu', '12345', 'himel00528@gmail.com', 12345, 1, 1),
(3, '', '', '', 0, 0, 1);

-- --------------------------------------------------------

--
-- Table structure for table `admin_1`
--

CREATE TABLE `admin_1` (
  `ID` int(11) NOT NULL,
  `Name` varchar(50) NOT NULL,
  `Password` varchar(50) NOT NULL,
  `Email` varchar(50) NOT NULL,
  `ProfilePic` varchar(30) NOT NULL DEFAULT '-',
  `Position` varchar(20) NOT NULL DEFAULT '-',
  `MemberID` int(11) NOT NULL,
  `ProjectID` int(11) NOT NULL,
  `ClientID` int(11) NOT NULL
) ENGINE=InnoDB DEFAULT CHARSET=utf8;

--
-- Dumping data for table `admin_1`
--

INSERT INTO `admin_1` (`ID`, `Name`, `Password`, `Email`, `ProfilePic`, `Position`, `MemberID`, `ProjectID`, `ClientID`) VALUES
(1, 'himu', '12345', 'himel00528@gmail.com', '-', '-', 1, 8, 10),
(2, 'Majhi', '1234', 'majhi123@gmail.com', 'majher.jpg', 'Admin', 2, 8, 10);

-- --------------------------------------------------------

--
-- Table structure for table `client`
--

CREATE TABLE `client` (
  `ID` int(11) NOT NULL,
  `ServiceID` int(11) NOT NULL,
  `ProjectID` int(11) NOT NULL,
  `Name` varchar(50) NOT NULL,
  `Email` varchar(50) NOT NULL,
  `ContactNumber` int(11) NOT NULL,
  `Deadline` datetime NOT NULL
) ENGINE=InnoDB DEFAULT CHARSET=utf32;

--
-- Dumping data for table `client`
--

INSERT INTO `client` (`ID`, `ServiceID`, `ProjectID`, `Name`, `Email`, `ContactNumber`, `Deadline`) VALUES
(10, 2, 8, 'himu', 'himel00528@gmail.com', 15648325, '2018-08-19 08:00:00'),
(11, 2, 10, 'adad', 'f@gmail.com', 8456, '2018-09-03 00:00:00'),
(12, 2, 10, 'adad', 'f@gmail.com', 8456, '2018-09-03 00:00:00');

-- --------------------------------------------------------

--
-- Table structure for table `comment`
--

CREATE TABLE `comment` (
  `comment_id` int(11) NOT NULL,
  `post_id` int(11) NOT NULL,
  `user_id` int(11) NOT NULL,
  `type` varchar(15) NOT NULL,
  `content` varchar(500) NOT NULL,
  `date_posted` varchar(500) NOT NULL
) ENGINE=InnoDB DEFAULT CHARSET=latin1;

--
-- Dumping data for table `comment`
--

INSERT INTO `comment` (`comment_id`, `post_id`, `user_id`, `type`, `content`, `date_posted`) VALUES
(1, 14, 1, 'member', 'test kakrol', '1437390045'),
(2, 15, 1, 'member', 'test comment kakroool', '1535839355'),
(3, 15, 1, 'member', 'asdadasd', '1535839396'),
(4, 15, 1, 'member', 'test comment kakroool 2', '1535839411'),
(5, 15, 1, 'member', 'refat', '1535839479'),
(6, 16, 1, 'member', 'hahahahah', '1535874810'),
(7, 16, 1, 'member', 'hahahaah 2', '1535874825'),
(8, 12, 3, 'member', 'test 2', '1535917967'),
(9, 12, 3, 'member', 'test comment kakroool on test', '1535924561'),
(10, 17, 1, 'admin', 'admin test com', '1535927413'),
(11, 17, 2, 'admin', 'majhi admin test com', '1535927826'),
(12, 19, 2, 'admin', 'test comment kakroool 2 admin', '1535928331');

-- --------------------------------------------------------

--
-- Table structure for table `member`
--

CREATE TABLE `member` (
  `ID` int(11) NOT NULL,
  `Name` varchar(50) NOT NULL,
  `Password` varchar(50) NOT NULL,
  `Email` varchar(50) NOT NULL,
  `Position` varchar(50) NOT NULL,
  `Salary` double NOT NULL,
  `ProfilePic` varchar(15) NOT NULL DEFAULT '-',
  `Education` varchar(200) NOT NULL,
  `skills` varchar(200) NOT NULL,
  `location` varchar(200) NOT NULL
) ENGINE=InnoDB DEFAULT CHARSET=utf32;

--
-- Dumping data for table `member`
--

INSERT INTO `member` (`ID`, `Name`, `Password`, `Email`, `Position`, `Salary`, `ProfilePic`, `Education`, `skills`, `location`) VALUES
(1, 'reema', '123', 'reema@gmail.com', 'Software Eng.', 1000, 'tom-jerry.jpg', ' AIUB', ' font end,js', ' dhaka,Bangladesh,murder'),
(2, 'himu', '12345', 'himel00528@gmail.com', 'Project M..', 100000, 'majher.jpg', 'AIUB ', 'js,java,', 'Dhaka,Bangladesh'),
(3, 'refat', '123123', 'md.abdullah.all.muktadir@gmail.com', 'Senior Back-end Developer', 150000, 'ref.jpg', 'B.Sc CSE', 'PHP, jscript, AJAx, SQL', '221b, Baker Street'),
(15, 'Khadija', '123', 'md.abdullah.all.muktadir@gmail.com', 'Senior Back-end Developer', 150000, 'kha.jpg', 'B.Sc CSE', 'PHP, jscript, AJAx, SQL', '221b, Baker Street');

-- --------------------------------------------------------

--
-- Table structure for table `post`
--

CREATE TABLE `post` (
  `post_id` int(11) NOT NULL,
  `user_id` int(11) NOT NULL,
  `type` varchar(15) NOT NULL,
  `content` varchar(500) NOT NULL,
  `date_created` varchar(500) NOT NULL
) ENGINE=InnoDB DEFAULT CHARSET=latin1;

--
-- Dumping data for table `post`
--

INSERT INTO `post` (`post_id`, `user_id`, `type`, `content`, `date_created`) VALUES
(12, 1, 'member', 'THIS IS A TEST!', '1437390045'),
(14, 1, '', 'pagoool', '1535827451'),
(15, 1, '', 'Kakroool', '1535827475'),
(16, 1, 'member', 'pagool kakrool ', '1535874799'),
(17, 1, 'admin', 'admin test !!!', '1535926242'),
(18, 2, 'admin', 'asdasdad', '1535927901'),
(19, 2, 'admin', 'test admin post121', '1535928013');

-- --------------------------------------------------------

--
-- Table structure for table `project`
--

CREATE TABLE `project` (
  `ID` int(11) NOT NULL,
  `ServiceID` int(11) NOT NULL,
  `ProjectTitle` varchar(50) NOT NULL,
  `percentComp` float NOT NULL,
  `NumberOfMembers` int(11) NOT NULL,
  `Deadline` datetime NOT NULL
) ENGINE=InnoDB DEFAULT CHARSET=utf32;

--
-- Dumping data for table `project`
--

INSERT INTO `project` (`ID`, `ServiceID`, `ProjectTitle`, `percentComp`, `NumberOfMembers`, `Deadline`) VALUES
(8, 2, 'project-1', 123.25, 452, '2018-08-19 08:00:00'),
(9, 2, 'project-2', 20, 2, '2018-08-19 08:00:00'),
(10, 2, 'project-3', 50, 2, '2018-08-31 02:11:11');

-- --------------------------------------------------------

--
-- Table structure for table `recentwork`
--

CREATE TABLE `recentwork` (
  `id` int(11) NOT NULL,
  `projectname` varchar(50) NOT NULL,
  `projecimage` blob NOT NULL,
  `category` varchar(200) NOT NULL
) ENGINE=InnoDB DEFAULT CHARSET=latin1;

--
-- Dumping data for table `recentwork`
--

INSERT INTO `recentwork` (`id`, `projectname`, `projecimage`, `category`) VALUES
(1, 'Mobile', 0x53637265656e73686f7420283135292e706e67, 'MobileApplication'),
(2, 'Web', 0x53637265656e73686f74202831292e706e67, 'Managementsystem');

-- --------------------------------------------------------

--
-- Table structure for table `service_provided`
--

CREATE TABLE `service_provided` (
  `ID` int(11) NOT NULL,
  `Titile` varchar(50) NOT NULL,
  `Description` varchar(200) NOT NULL,
  `Image` blob NOT NULL
) ENGINE=InnoDB DEFAULT CHARSET=utf32;

--
-- Dumping data for table `service_provided`
--

INSERT INTO `service_provided` (`ID`, `Titile`, `Description`, `Image`) VALUES
(2, 'font', 'font descri', 0x89504e470d0a1a0a0000000d4948445200000441000002270806000000771c47a9000000017352474200aece1ce90000000467414d410000b18f0bfc6105000000097048597300000ec300000ec301c76fa8640000a0d649444154785eeddd07981455fafe7d51141173ce62c29c03222a8b221810316244057555c48c59d135a22e2262c0ac2c260c18302098b37f31074445c5acbc8b8a6b429f77efdaf3f03b963d333d331daabbbf9feb3a57f73915ba8629a6aaee3e756a96ffeffffbff8c42a15028140a8542a15028140aa5da4b1282fcbffff7ff28140a8542a15028140a8542a150aabacc0c41000000000000aa1921080000000000a80984200000000000a02610820000000000809a40080200000000006a0221080000000000a80984200000000000a02610820000000000809a40080200000000006a0221080000000000a80984200000000000a02610820000000000809a40080200000000006a0221080000000000a80984200000000000a02610820000000000809a40080200000000006a0221080000000000a80984200000000000a02610820000000000809a40080200000000006a0221080000000000a80984200000000000a02610820000000000809a40080200000000006a0221080000000000a80984200000000000a02610820000000000809a40080200000000006a0221080000000000a80984200000000000a02610820000000000809a40080200000000006a0221080000008ae61ffff887cd32cb2cf6f4d34f8796ff515ded9a5e08fff9cf7fecef7ffffb5f3e0700801821080000008a462147af5ebdfe1276d4d5de54842000807c1082000000a06814720c1e3c380928befdf6dba44dafaaab3d0e41f45ebd4354fef5af7f256d1e6e0c1f3edcd659679d99d37cde6eddba25ebab6b3ee73d4f54349fe617ad47614c7a7e004075220401000040d128645030a1e0c17b69e855ed1e6688de7b38f1eebbef264186e6f370c3a77998a1f97d5afcde4311ada36bd7aec96bfcdee7f3cfd5abaf1b0050fd084100000050341e76c481875e1566785b1c66385f2e3d4d41c61e7bec31b357495df3894f5389830e7db6d7358f0a00a0361082000000a0683c8850783160c0009b32654a1262a8ae764df700c36f57f1124f5370210d85203e9ff83495f4babdc788cf0300a80d8420000000289a38a45008e2b7c6a8aef65c4147acb12188071a71dd3f2717421000a82d8420000000289a3864d07bf5c2f07a1c4ee8bd87230a38d453436d8d0d417c1d9a2fd79820be8ccf176f1f00a0fa1182000000a068e290414186063cf53042ed1e8288defbed2adeded810247e3a4cdcb344ef7ddd7e2b8cc4db0700a87e84200000000000a0261082a04efaa6c51f4f5717ffd6a531dfa0a4bfd10100000000a01408415027750ff55297a684200000e0affc560d0aa5d00500f07f08419093ee9355b83171e2c4998fb18b2918d14155d354eaba1757ed3eafdf7f1bf70451f175689ef83e6100006a0917ab2806f62b00f8334210e4a470c27b8028c8887b7ae8bd071a7ecb4c1c82a8e8bdd6e14148dc63241d82681ebd7a7b7d3d4f0000a874071e78a0b56bd72ed4fe0f17ab2886f47ea57daf6fdfbea10600b58710043929885030210a3af45c7f8514a2697128e2f538e8102da71e1e758ddeee21483c42bba613820000aad9c08103ad55ab56b6c30e3b8496ff892f56753c4cf78eccd5d65c7e4c56d17b7d86b6232ef1711a9527deafb4cf69dfd33e0800b58a10047fa1131d9df0c427407ed2950e3a2457b821f986207ee2259a4e080200a866ba00d5b1759e79e6b11e3d7a84d6ec8420f167f8748290cae5fb950210ed73aa138200a8658420f80b9d00c5c184c4e18487198e10040080fc7908920e421a1b82e855755f971f7f45f37a7b7c9cd531568186da346dfcf8f1c97b9f27d7e7fae7681a2a8f7ecf7100a2420802a0961182e04f3ca0489fe8e8c4cabf058adfc7274671b8219a46080200c09fc521888a07217aef743c4c8711719b1f4bfd18eae1861fa7b52ebdaaae763fb6ead5a7497a3db93e37bd0e5416dfc7f4ea851004402d2304c19fe8a4a76bd7ae7f3af9113f01d2c991f84994da060f1e9cb4fb89949f58691d842000806aa163d5e8d1a3edd0430fb515575cf14f1795852a2e571811b7f9b154cbc4c751d171d40311affb3ce969be1e9f9eeb7309412ad77df7ddf7977dacb9e5d4534f0d6b0780ca4408020000508737df7cd3fef9cf7f2621802e00f545c145175d64afbffe7a98a3f172f504d1ed0a7aef1a0a41445f24c4eb51903175ead4e4356e57f1e08310a4f6e8f75fa89e2063c78eb52db6d822d400a0321182000000043ffffcb3dd73cf3dd6af5f3f5b69a5956c851556b0430e39c4eebaeb2e9b3e7d7a98ab79e210c4031051dd29e0682804711e526879cd930e3a624d0941f45e6d9a86caa3fda2506382e8ff8796ffe9a79f420b00541e42903cf94183422974010094d75b6fbd65175f7cb16db3cd3636ebacb35a972e5dec820b2eb0575f7d35cc51581e82e8a2b47bf7eea1f5cf2188070fdefb221d56a47b6778af10bfd5d4dfa7e76b4a08925e0695c5f7ab423d1d463d411e7ef8e1500380ca430892a7f8c4042814f62b0028bd5f7ef925192be1f0c30fb776eddad9f2cb2f9f840077de79a7fdf0c30f61aee2d10568ab56ad66f60071e9638287195ed2418407253edd830e5198e1ed1e70483e21882fe78500a4b2e977e8b4cf69df6b4e0872da69a7d929a79c126a0050790841f2141f40804261bf0280d278e79d776cc89021b6dd76dbd96cb3cd665b6db5950d1a34c85e79e5953047e978f892c63101c590deafb4eff5efdf3fd41aef91471eb1cd37df3cd400a0f21082e4293e80c4dfa2a4bf85f1a26f6f8086c4fb1500a0707efdf557bbfffefbed88238eb0555659c5965b6e393be8a0836cd4a851f6dd77df85b9b2c58f09679c71c69fce29b2548a758b108a47bfb742524faa162d5a302e08808a450892a7f800922b0489070bf3aea404216848a14f4c00a096e9983c74e850db7efbed6df6d967b7ce9d3bdbf9e79f6f13264c0873641bc704144331f6ab4e9d3a312e08808a450892a7c68420e9fb6b81ba70c20b004d3763c60c7be08107ecc8238fb4d5565bcd965d76593bf0c003edf6db6fb769d3a685b92a07c704144331f62bc6050150c90841f2d4981044d2038f01b970c20b008d3371e244bbf4d24b93011ee798630efbdbdffe66e79e7b6e559ccb704c40311463bfd2b8209b6db659a80140652104c91321088a81135e00a8dfefbfff6e0f3ef8a01d7df4d1b6faeaabdbd24b2f6d7dfaf4b1db6ebbcdfefdef7f87b9aa03c704144331f62b8d0ba2c749d3e31940252204c91321088a81135e00f8ab499326d9b061c3ac478f1e36e79c7326e30f9c73ce39f6d24b2f8539aa537c4cd07985ce2f749ee1744eb1c71e7bfca90d6848b1ce35d40beba1871e0a3500a81c8420796a4c08c29820c817210800fc8f2ea68e39e6185b638d356ca9a596b2030e38c06eb9e5169b3a756a98a3faa54310d575cee10841d014c53ad738fdf4d3ede4934f0e3500a81c8420796a4c08a2a7c2687e9e0e838614ebc40400b2eefdf7dfb7cb2fbfdc76dc71476bddbab56dbef9e676d65967d98b2fbe18e6a83df13141e715fa3245e71b7e3e910e4154d7742da7e28189e6d7b203060c48da7d1d3a5f513dd7398b0a5fde5427fd6e8b61dcb8718c0b02a0221182e4293e80e40a41fc04c20b0108f211ef570050edc68e1d6bc71e7bacadb5d65ab6e4924bdafefbef6f37df7c73723cc55f43109d6f78a0a170220e41bcd7a9071a6aebdab56bf2eac1865e7d3e3f6f515b7c0ee3cbf87c71cf135487629d6bfcfaebafc9b8203ffef863680180ca400892272e56510cec5700aad9871f7e68575c7185edb4d34e36d75c7325df1aeb22fbf9e79f0f7320962b0489c38e3804498ba7c54187683d7158a2f9344d6d1eb0481cb8a07a14f35c43e38268e06200a824842079f203c819679c91bccfb7687ea02eda4700a09ae8d199ba0d63edb5d7b6c5175fdc7af7ee9d5c6c7ffdf5d7610ed4253e267808221e5ce8f1c07108e23d3ebca867aa87207198515f08122faf128727a80efabd16cbc08103eda4934e0a3500a80c8420792ae60104b58bfd0a40a59b3c79b20d1f3edc76de79679b7beeb9ad63c78e76e69967da73cf3d17e640bee263421c8288de2bd8f010444185020b051ea2ba4f6b4c08127f06aa5331cf35c68f1f9ffc9f07804a420892272e56510cec57002a912e7c8e3ffe785b77dd756db1c516b37df7ddd7468c18615f7df55598034d515f08e2a187f7f64887209abfb13d41f4dec704110f5ab81da6ba14f35ce3b7df7eb3d9669b8d714100541442903c71b18a6260bf0250093efae823bbeaaaab6cd75d77b579e699c73a74e89074837fe69967c21c2884fa421051b8e14187681e2da3a2de380a30344fbe2188685e5f07b7c254a778bf2a86ce9d3b332e08808a420892a7621f40509bd8af0064d5a38f3e6a279e78a2adb7de7ab6c8228bd83efbec6337dd74937df9e597610e141ac7041443b1f72bc6050150690841f2141f40e22ea74edf9cf8bdb840be38e10590159f7cf2895d73cd35b6db6ebbd97cf3cd679b6cb2899d7efae9494f019406c7041443b1f72bc6050150690841f2940e41544fdfab4b0882c6e2841740393df6d863c937b81b6cb0812dbcf0c2b6d75e7bd90d37dc609f7ffe799803a5c43101c550ecfd4ae382b46cd9d2a64f9f1e5a0020db0841f2940e4174af6d5da3b27b5dd3b59c8a07267e9fae1e1fa8765f877a96a8eef7ec4a7c9f2e03955527fd6e01a054a64c9962d75e7badf5ead5cbe69f7f7edb78e38dedd4534fb5a79e7a2acc8172e298806228c57eb5e5965bda030f3c106a00906d8420798a0f200a2a146a78a0a170220e415457bb071a6af3d1d73dd8d0abcfe70391a9cddfc7cbf87ce901d250f938e105506c4f3cf1849d7cf2c9b6e1861bda820b2e687beeb9a75d7ffdf5f6d9679f853990151c13500ca5d8afce38e38c640c2100a804842079ca1582c46147ba27482c9e16071da2f5c46189e6d334b579c02271e082eac1092f804253b871dd75d725c793051658c036da68233be59453923004d9c63101c5508afd4a03296fbae9a6a10600d9460892a75c218878703171e2c43f8520dee3c34b639fddafb6787995383c4175d0ef15009aebc9279f4c6e6b51e0a1e043b7bbe8b6974f3ffd34cc814a101f13729d07a407656f0cffe246e721f1f946dc8eea14ef57c53263c68c645c901f7ef821b40040761182e4293e80c42188e8bd4e203c04d149858ff521aafbb4c68420f167a03a95e2c40440f5d1c0a51ac054b7b62cb4d042c9ad2ebae5e5f1c71f0f73a012a5cf35e2f305499f4334557cbe81ea57aa730d8d0b3266cc98500380ec2204c9537d2188871efe0d4d3a04d1fc8ded09a2f73e268878d0d2dc131f640b2108807ce9f871da69a759fbf6ed93414d77df7df7e491b67ab42daa434321487c9e203a37d0322a7e2e21da57bcdd7b916a3d5a9f2e52d5e6d3d45b48ed7ece122f9b3e5fd1a0ee3e903be7249543bfaf52d0b820279c7042a8014076cd4208929ff800920e4144270d713755cde32711c3870f9f7982a1923ea9c81582487c22e22731a82ef17e0500b12fbef8c26ebcf146db7befbd93c7d7aebffefac9c083baf71ed5293e26e40a41e236bdf773039d3fe81c44e70daaeb5c223e1f51d1327e2e129f6fa4db7d3ddeeee73b7acdf579c8be529d6be891db1d3a74083500c82e42903c71b18a6260bf02107be699676ce0c081b6c9269bd8bcf3ce6bbbedb69b5d7df5d5f6f1c71f873950cdd22188ea7189bf1089bf4411d555d22188cb270451d17bb589eafe99be7e899741f6c5fb5531fdfefbef36fbecb3332e0880cc2304c953a90e20a82dec57406dfbeaabaf6cc48811b6cf3efbd8a28b2e6aebadb75ed29d7cfcf8f1610ed492f898a080230e24621e42c42188de7b48e13d35b43e5f471c5cd41582a43f339e4febf6cf8b9741f695f25c63abadb6625c100099470892272e56510cec5740ed79f6d967937be7f538c979e699c776d96597e4b6c9c99327873950abf20d41240e2524eea911f370249f104425fe4cd5e39e20842095a994e71a679e7926e38200c83c42903c71b18a6260bf02aadfd75f7f9d5c3cf6eedddb165b6cb1e41bfae38f3fdec68d1b17e600fea7312188a6e71aa3230e387c3e957c4290783ddeeec10a2148e52ae5b906e38200a804842079e26215c5c07e0554a7e79f7f3eb968ecd8b1a3b569d3c676de7967bbf2ca2bedc30f3f0c73007fd5981044b48f6919150f2844efbdddd71107170a3f14a0a834e6e93084209549bfcb52d1b82073cc31877dfffdf7a10500b28710244fa53c80a076b05f01d541179523478eb4fdf6dbcf965862095b7bedb5edb8e38eb3b163c786398086714c4031947abfead2a58bdd7ffffda10600d9430892a7f800127fc3e245dd47d58db452f8b738f1374728bd78bf0250595e78e1053bebacb36cf3cd37b7b9e69acb7af6ec69575c71857df0c107610ea0713826a0184abd5fa9d7906ef90380ac2204c9537c0051701077111575094db7651921483670c20b548ea953a7da2db7dc62fbefbfbf2db9e492b6e69a6bdab1c71e6b0f3ffc709803681e8e09288652ef578f3ffe78f2986f00c82a42903c351482e41a644ccba8c4f3c6f7dafa806675b5eb7394a68bdfbfebf7dfc6a14bbc6cfc595ab657af5e49bb871d7effb0b6558510a4bcf4bb00905d2fbdf4929d7df6d9b6c5165b58ebd6ad6dc71d77b4cb2ebbcc264d9a14e6000a8763028aa1d4fbd51f7ffc918c0bf2dd77df851600c81642903cc507905c2148dca6a0215778a1f70a1efcb6192da35257bbea03060c48d6a9f70a34468f1efd9779ea1bc93dde4ecdef018b2fa736940f27bc40b6e89878ebadb75a9f3e7d6ca9a596b235d658c38e3efa687bf0c10793137ba0983826a018cab15f695c90fbeebb2fd400205b0841f2940e41548f4bdcab23e6c144ae10c4e5d3aee5158028d850bbc2116f8f830ed57d5be23046f43e0e3dd275945ebc5f01280f1d03cf3df75cebd4a993b56ad5ca7af4e861c3860db3f7de7b2fcc019406c704144339f62b9d63ea5c1500b28810244ff10144c1411c3ca4792f0b2de345e1447a5abc8ebada7510d1b283070fb6575e7925a94f9c3831994741477a5bb41e05271e8278c8a1e99a8f10245bf4fb06505ad3a64db3db6fbfddfaf6ed6bcb2cb38cadbefaea76d45147d9030f3c603366cc087301a5171f13747c563d5d74ec2e043f2fd03946fa0b155417ed37a5f6c4134f58fbf6ed430d00b265164290fcc4079074f0104b870df149469ae6c9753213b76bb9e1c3872775051b0a43bceed3e36d513dee09e2db210dd5517ae53831016ad1cb2fbf6ce79d779e75eedc39b957bd7bf7ee3674e8d0243806b222df738d422304a96ee53ad750cf3ac6050190458420796a6a08a2130b2dabd7b89786681e95bada45d33416888f0da2f5a8ae579f5edf9820be1ed13c8c09922d84204071e8c47bd4a85176d04107d9b2cb2e6babaebaaa1d79e4913666cc18fbedb7dfc25c40b6342604d1315e5f8ce8b8aee5fc98aff73abeeb382f7e6ea076155fa7b7ebdc40a5becf42658bf7ab52da7aebad19170440261182e4293e80347462a293093fd9d049491c46f8098a4abc8ebadafd24c5974f0726127f5ebc6c3a0411b5693e9d34e9e4293d1da5a5df0580c2d02d8383060db22db7dcd25ab66c69db6fbfbd5d72c925f6ce3bef8439806c8b8f093a3ed777aea1e379fa8b0db5f9b45cef35af96d179839f5f108254bf729d6b9c75d6598c0b022093662104c90f17ab2806f62ba0e9befffe7bbbe38e3bece0830fb6b66ddbda2aabac62fdfbf74fbe79fce5975fc25c40e5488720aaa78b020b49871b3e90ba68599f168b830f4290daa1fda61c18170440561182e4a95c07105437f62ba0715e7df555bbe0820b92c72fce36db6cb6edb6dbda902143ecedb7df0e7300952b3e26e4d313c47b73d61782782f11addb0b21486d29e7b9c69c73ce990c460d0059420892a7721e4050bdd8af80fa4d9f3eddeebaeb2e3be490436cf9e597b795575ed90e3ffc70bbf7de7bede79f7f0e7301d5213e26142204f1a0c3e78b830f4290da51ce738dae5dbb267faf01204b0841f2c4c52a8a81fd0af8abd75f7fdd2ebcf0c26450bd162d5ad836db6c938c61f4e69b6f863980ea54ec104461873e8310a4b694f35ce3ecb3cfb6e38e3b2ed400201b0841f2c4c52a8a81fd0a30fbf1c71fedeebbefb6430f3dd4565c71455b69a595ecb0c30eb37beeb9c77efae9a7301750fdd22188eae9e261453e218878f0a1a2365f8e10a476e8775f2e4f3ef9a46dbcf1c6a10600d9400892a7721e4050bdd8af50abde78e30dfbe73fff997495d6ff03bdaaae76a056714c4031947bbfd2b820fffef7bf430d00ca8f10244ff101a4ae6f67fc5b97e6e2db99daa1fd06a805ead1a19e1deae1a19e1eeaf1a19e1fea01a29e20003826a038cabd5f29e4d6df7f00c80a42903cc507108520a50a260841aa1b27bca8661ac3436379684c0f8deda1313e34d687c6fc00f0571c13500ce5deaf342ec8b1c71e1b6a00507e8420796a4c08a21e213af1efd6ad5bb29cdf7fabf77a4c9ddfb3eb3d3ed4aee2ebf4767a8254bf78bf022a9d9ed6a2a700e8e92d7a8a8b9ee6a2a7bae8e92e7aca0b80fa714c4031947bbf7aeaa9a76ca38d360a3500283f42903cc507907c421005201aa8cc9fcfefb7cae835d77bcdab65147a1082d40e4e7851e9de7efb6d1b3264886dbbedb636db6cb359972e5dec820b2eb0575f7d35cc01205f1c13500c59d8af5ab76ecdb82000328310244fe91044f574516021e970a3ae11db6371f04108523bb4df0095e4975f7eb1fbeebbcffaf7ef6fabacb28ab56ddbd60e3ef860bbe38e3becfbefbf0f7301680a8e0928862cec57faa28f714100640521489ee203483e3d41348fd41782782f11addb0b21486dc9c28909d09077de79c72eb9e412db7efbedad65cb96b6e5965bdaa04183ec95575e0973002884f4b9467c7ea012df525b09fc7cc6cf89501ef17e552ee79c730ee38200c80c42903cc50790428420e9138338f888df138254b72c9c980069bffdf69b8d1933c68e3cf2485b75d5556dd96597b5830e3ac8468d1a65df7df75d980b40a13574ae5169e7047e3ee3e73a288f2c9c6b302e08802c2104c953b143109dd8e83308416a0b2108b2427fa3860e1d6addbb77b739e698c33a77ee6ce79d779ebdfcf2cb610e00c5d6d0b986fe9fea9c42e7167eaea06554e279fd9c42c5c728ababddcf4b44751f9f4ce2739078d9f8b3b46caf5ebd92763fa7519beada56156f4779e877910573cd3597e9ba0300ca6d164290fcc407101dcc554f173f29c8270491f884426dbe9c9fd8687a7c0282eaa3df3d500e3366ccb0071e78c08e3aea285b7df5d56d996596b1be7dfbdaedb7df6ed3a64d0b730128a5f898a0f381f4f13f6ef3f30689c38b5ce71d2a75b5ab3e60c080649d7aaf4063f4e8d17f9947b7e268fd7e8ee29fadd7783b35bf072cbe9cda503e5939d7d0e3d27ddf0280729a8510243f5caca218d8af504aefbdf79e0d1b36cc7af4e861ad5ab5b24e9d3ad9b9e79ecb3100c8887408a27a5ce25e1d310f267285202e9f762daf8b54051b6a5738e2ed71d0a1ba6f4b1cc688dec7a147ba8ed28bf7ab72d2f1e698638e093500281f42903c65e50082eac27e8562fae38f3fecc1071fb4a38f3edad658630d5b6aa9a5ac4f9f3e76ebadb7d22519c8a0f898a0e0200e1ed2bc978596f1a270223d2d5e475ded0a2ab4ece0c18393018f559f387162328f828ef4b6683d0a4e3c04f19043d3351f2148b6e8f79d05dac736dc70c3500380f22104c953560e20a82eec5728b4499326d965975d663beeb8a3b56edddab6d8620b3bfbecb3eda5975e0a7300c8aaf898505f08920e1bbcee21484cf32888488bdbb5dcf0e1c393ba820d85215ef7e9f1b6a81ef70489438e86ea28bd2c9d6b685c90a953a7861a00940721489eb8584531b05fa1101e7ef8e1e4d1836baeb9a62db9e492b6fffefbdb2db7dcc2892650619a1a822894d0b27a8d7b6988e651a9ab5d344d6381f8d8205a8fea7af5e9f58d09e2eb11cdc39820d992a5730d8d0b72f7dd77871a00940721489eb8584531b05fa1293ef8e003bbe28a2bac67cf9ec9b76a9b6fbeb99d75d659f6c20b2f84390054a27c431051d8a0f9551444c461845e7d5abc8ebada3dd8f0e5d38189c49f172f9baba787da349fc210f52a494f4769e97791151a1744b7680240391182e4294b0710540ff62be46becd8b176dc71c7d9da6baf6d4b2cb184edb7df7e3672e4c83f5da400a86c1c13500c59daaf9e79e619db60830d420d00ca8310244fe903887f6ba2769578c4769fa66f4d54e26f4c1a2bfd6d4c5ddff47869ce67a1f4f43b0372f9f0c30fedca2bafb49d77ded9dab469631d3b764cfeff3ffffcf3610e00d58663028a216bfb958e69dcae09a09c0841f2141f403ce4d005898bef818d4390e66a280449871e9a5e8c2044ebd3baf5884dfd9cfaf7f0a29f53db12ffbc9af7baebae4b5ef9a6ba6e593b3141798d1b37ce8e3ffef8e41efac5165bcc7af7ee9dfcdffafaebafc31c00aa19c7041443d6f6ab6db7dd96714100941521489ee203481c78c43ca0884310953894d03c5a978a87193e7f3ccdc3030f1cfcf3fc3344afe9c0c39789038942f09fc5b721fe4cd1b6f867c6ef15e28c1e3d3a798fbfd2ef16b56bf2e4c9c9131876d965179b679e796cd34d37b533ce38c39e7df6d93007805ae2e700144aa14b969c77de798c0b02a0ac0841f2141f401402a8d4a5ae10240e2d7cc4744df7f97d9ada344df334b62788c4f31482d6af756a1b1a0a4154e2cf8e97c55f65edc404c5377efc783be184136cbdf5d6b345175dd4f6d9671f1b3162847df5d557610e0000aa17e38200283742903ca54390fa42065df82b9cf05040ef75efa35ee3e57c3d3ebf4f5360a0e0232b21481c7ce87d7c3b8c7fbe3e4fdf687bb013d3c8f0fa39f057feef58a8b2faeaabdbe9a79f6eafbffe7af80494dbc71f7f6c575f7db5edb6db6e36efbcf3da269b6c6203070e4c4e020100a84573cf3d375f9001281b42903ce902d3291050a94b7d2148faa2d5c3059f5f9a1382f8ba0a1982681b1464481c88c47c5ba64c9992bcc607364d4b0723f89f78bf2a84e79e7bce8e3df6585b6eb9e56ca38d36b2418306258f5345693dfae8a376e28927dafaebaf6f0b2fbcb0edbdf7de76e38d37da175f7c11e60000a0766db7dd7676d75d77851a00941621489ee28b555dd0e71a134417fb2af58520b9c2804286209aafd06382689d1e7cc4ef6371d0a16d1e3060c0cc79e80952b7428720310db2a9fd63a18516b2ce9d3bdb65975dc62d1745f2c9279fd835d75c63bbefbebbcd3ffffcd6be7d7b3bedb4d30afaff1000806a71fef9e7db51471d156a00505a8420798a2f563db45018e074b1e3e378f874b5a978501187161e56a44313d1b4a686209a9e6e6b2ead4bebd536e4138288ea3e9f2f8bbf2a660812d3e0b41a7b62ce39e7b4eeddbbdb0d37dc60d3a74f0f53d1148f3ffeb89d7cf2c9b6e1861b2641d39e7bee99fcbb7efef9e7610e0000908b0600576f4900280742903ca52f567571afb041ed2a1e80c4d3d221882810f065f45ee2f9250e41f45e6189f73cd1327108e2ebf252e800c4f9cfd258fa19783a4cddf43b2ba55f7ef9c5468e1c693d7bf6b4962d5b26fbd91d77dc11a6a23e9f7efaa95d7bedb5d6ab572f5b60810592db8d4e3df5547bf2c927c31c0000205f1a17e49b6fbe093500281d42903c95fa62356b14ac34b647475396a935e5dcaf748b9606b3dd7aebad6dbef9e6b3be7dfbda830f3e18a6429e78e2093be5945392c043c18742a3ebaebbce3efbecb330070000680a8d0b72e79d77861a00940e21489e6a3d0441716465bfd298161abba543870eb6d4524bd991471e694f3df554985a3b146e5c7ffdf5c9ad2d0b2eb86072ab8b6e7951180200000a47e382e87c03004a8d10244f842028862cee576fbffd76d28367edb5d7b676edda2521c0840913c2d4eaa3b047b7b56cbcf1c6c9a0a6badd45b7bde849470000a038f444bbf5d65b2fd400a0740841f244088262c8fa7ef5d24b2fd909279c602bacb0423280d9b9e79e6befbdf75e985a993470a90630dd6bafbd92c7d76eb0c10676d24927d9638f3d16e6000000a530cf3cf3302e0880922304c91321088aa192f62b8504fdfaf5b3c5165bcc36df7c73bbe4924b2a666c0c0dea7bfae9a7db269b6c928c7fb2db6ebb258fb4d56d400000a03cb6df7e7bc6050150728420792204413154ea7e75fffdf7dbfefbef6f6ddab4b16db7dd36b97de4bbefbe0b53cbefcb2fbfb49b6eba29792cf0228b2c9274b73df1c413edd1471f0d73000080721b346810e38200283942903cc517abb91e4d1b3f22375fe947e33696b6c31fb3abcfd6932bfc492c6a4f6fa3cf8becd0efa592cd9831c36ebdf556db75d75d939f45afaaabbdd49e79e6191b38706032b8abbad76a5baebaea2afbe8a38fc21c0000204b18170440391082e429be5855f8a0f04221865390916e2bb686429038f4f0c0a51841887e766d4b3a1cd2e77dfae9a7c967fabf8b6fe798316392f96b5dbc5f553af504518f10f50cd1b3ffd553443d468ae5abafbeb2112346d8befbee9bdca2b3eebaebdaf1c71f6fe3c78f0f73000080ac9b77de79edebafbf0e3500283e42903c351482c421842efaf584092de317fa6af370c0db3c98f09e207af579d2eb8f0306bd8fe7d5ba1b0a4144f374edda35792d146de3f0e1c39357dfae98ff7b687afc5ef42dbd6f6fadd2efaf1a69ac108d19a2b1431450682c91420c3caa6f8cce3cf34cebd8b16312b4ecbcf3cec9fe3779f2e430070000a824ddbb77b73beeb823d400a0f80841f2145facea623f5748e16dbad08fa76b5ab76edd920b7e0510ba75466181a67b08120714deee2186a6fbfab40e851d9a4febf579546f2804893faf50b42e6d87e835bd6e0f3ee257172f5babaa350489e969327aaa8c9e2eb3e28a2b264f9bd15367f2a16f86b48ff4eedddb165f7cf1e4b1bd03060cb0471e7924cc0100002ad905175c60471c7144a80140f11182e4291d82a81e170f39241d40e87d7cb1efd3e35042d33de810b5793dbdbc539b7f4eb942106d83af4fefe37f13b57bf8a10bd7f8e7136df3e0c18343ad36c5ff5e85280a18b26cc2840976f2c9275bbb76ed924043fbc6db6fbf1da6fecff3cf3f9fb46fb6d96636d75c73d94e3bed64575c71857df8e187610e0000502d74dcd72dad00502a842079d205a64b071669ba80f3d0c28307af8bde6b9e38944807082a0a5634a6467a79e7eb917c42104dd33a0b198228c4d0678bb627bdeef833353dfe393c20a9ebdfb116c4fb5573bdf1c61bb6d4524b855af63df5d453c988f04b2cb144128a6cb4d146c9ad336badb5961d7becb13676ecd830270000a8661a1744637d0140291082e429be58d5857cbe2188e4aafbc57f1c82a82d97f4f22e5e269f1044f3147a4c106d83071ff17b970e3af4dee7d176d013a4b0b7c374eedcd92ae179fb2fbef8a29d75d659c99821ad5bb74e9ee8b2e9a69b264f75d97aebad93713ea64e9d1ae6060000d54ce3828c1a352ad400a0b80841f2d49c1044ef1b332688681dfe19f1e7a57b5678d0a1e5ea0b41fcb3e2b642f0ed10bd7ac0e1d22188eada4e6d6fbc6cad2a7408a2a7b3e8f691ac51a071cb2db7d801071c90f45659638d35ec98638eb1871e7a28ccf17f34389af691962d5b263fcbc89123ed975f7e0953010040b5d1b820fdfbf70f3500282e42903c35270411b5691d2a3ecd83090f0ef4eaf37868e2722deff36b5aae10c4e7f7a2b642d3cfe04f87692c9e0e53f810e4e79f7fb6366ddad8942953424bf968f0d373ce39c73a75ea6473ce39a7f5e8d1c3860d1b6693264d0a73d46ffaf4e976c30d3724df0e69f97df6d9c7468f1e1da60200806af1c20b2f245f120240291082e4a9d017ab920e412a55537a743465996a548cfd4afbd479e79d176aa5f3ef7fffdb6ebbed36ebd3a78f2dbdf4d2b6faeaabdbd1471f6d0f3ef8a0fdfefbef61aea6d17dc2975d765972bbcfc20b2f6c871c72888d1b372e4c050000956ebef9e6635c100025410892a7425facaae78612effa7a94a0fa15230479f2c92793db4d4a417f3bf4f8dbbffded6f36c71c73d80e3bec60975e7aa94d9c3831cc51787a4acca04183928154975b6eb96410d5e79e7b2e4c0500009548e7108c0b02a0140841f2548c8b55a058fb951e35377efcf8502b9c69d3a6d9edb7df6e071e78a02dbbecb2b6da6aab254f7879e081076cc68c1961aed279fdf5d7edf4d34f4f7a9d28f819387060f2941c000050592ebcf042c60501501284207922044131146bbfbae8a28b9241480b61c2840976fef9e727b7a2cc3efbecb6fdf6dbdbd0a143670ee29b15cf3efb6c32d8aac2998d37de3819644dbd46000040f6312e0880522104c91321088aa158fbd5975f7e99dc9ef2c30f3f8496fc7df7dd774977d4830e3a28b9dd64955556b1238e38c2eebfff7efbf5d75fc35cd9f6c8238f24b79a2db4d042b6e5965bdae5975f6e5f7ffd75980a0000b248e382e81c06008a8910244f8420288662ee57bbefbebb5d71c515a156bf575e7925196763abadb6b2d9669bcdb6db6e3b1b326488bdf3ce3b618eca75f7dd77dbde7bef6dad5ab54aee37bef1c61bedc71f7f0c5301004056e84972baed16008a8910244ff1c5aa9e6a921ed0548f7ad5236a0b758b40b91e798bd28af7ab42bbf7de7b6db3cd360bb53f530f913befbc33d98f975f7e796bd7ae9d1d7ef8e176df7df7d92fbffc12e6aa2e7a7cb0feeff6ecd9d35ab66c697beeb967f26f000000b241b7f3ea7c04008a8910244ff1c56ab9429038f4f0c7eb162308f1c7d7aac4a18b3eefd34f3f4d3ed37f76dfce3163c624f3a3718a198248dbb66d93313de4d5575f4dc6c9e8d2a58bcd3aebacb6cd36dbd8c5175f6c6fbdf55632bd964c9d3ad5aebcf2cae4df62fef9e74f067a7de8a187c2540000500e2fbef8a2adbdf6daa10600c5410892a7c686200a123c3ce8d6addbcc30c3c30b9fa6f944af5dbb769df9d85c5db0d61782883e4bcb142a78116ddff0e1c39357fd9cbe7d4edbe32148fc5eaebaeaaa99db8bfcc4fb55a14d9f3edd76db6db7e46462851556b095565ac9faf5eb67f7dc734fd22b02fff3f1c71fdb3ffff94febd0a1832db5d45276d45147fd65bf070000a5a12f27bef8e28b500380c22304c9537cb1da500812bf17cdefbd24e23043175a0a3d345ffc5ef4da5008a2cfd77614f2824debf26dad2f04895f5dbc2cf253e810448f8c55575285635ab76e87997beeb9edcd37df0c73a03e6fbffdb69d79e699b6d65a6b2503c29e72ca29c978290000a034342ec86db7dd166a0050788420796a4e08e2d4ae5e211e2cc421864adc63a45c21481c7ce8bd7e6e2f6ad7f6683b060c18f0977f036df3e0c183430df988ff7d0b51565c71453bf4d0436df4e8d1337f370a446ebdf5d6e43df2a72eb9c71f7f7cd28b66fdf5d7b7f3ce3bcf264d9a14a602008062d09739eab90a00c5420892275d60ba864210d1ab7a7668399fd74390f8a255c58387789df98420bebe4286200a31fc67880311177fa6a6ab384dd336c6ff2ea89f7effc576d34d3759f7eedd430d4df1d8638fd961871d668b2ebaa86db1c5163674e850fbfcf3cfc354000050282fbdf452d22313008a8510244ff1c56a3ab0100507758dcfa1a040e18042825c3d44a42921487d9fd95471f051570812071d7aeff3683be809d238a508417efffdf7e4feda0f3ffc30b4a039f4049dfdf6dbcfdab46963db6ebbad5d77dd75f6fdf7df87a90000a0b916586001c6050150348420798a2f5675b1af5e1e7140a030c0438c748011f79888c38c783d2a8d0941349fe68fdb0a41dbe1db9a4f08a2ba073bf1b2c84f29421051b7d242ef2bb56ec68c19c96d46bbecb28bb568d122198456f7302b740200004db7e38e3b322e0880a22104c953fa62d5030cb5aba47b86280cc835cdc30b9fe6a1413e21882fe3a51817b5fa7c7f3a4c63f17498c6d3efb1149e7bee396bd7ae5da8a1d0a64d9b66d75c734df2d8610d44bbfffefb278f8d0600008da7a7b6312e0880622104c953a92e56b3a0293d3ae805d234a5dcaf36da68237be8a187420dc5f2d9679fd925975c923c9967f1c517b7c30f3fdc1e7ffcf1301500003484714100141321489e6a290441e99472bfd285f9befbee1b6a2885891327da39e79c63ebadb75ef2e49e134e3881bfb70000e441e38230083980622004c91321088aa194fbd5d4a95393b12bf47f1ea53761c2043bf9e4936de595574e6ea53bebacb3ec9d77de0953010040ac67cf9e3ce21f40511082e44917ab144a314a29edbdf7de76e9a597861acae5c9279fb4238e38c2965c7249db74d34d93a72a7df2c927612a0000d0b1518fa70780422304016ac8830f3e68eddbb70f3564817e277dfbf6b579e79d3779e4b50618a6b70e00a0d6e9fa64cd35d70c3500281c4210a0c6e8768c175e7821d49025a3468db25ebd7ad96cb3cd663bedb4938d1c39d27ef9e59730150080dab2e0820b322e0880822304016acc99679e69fdfbf70f3564d1f4e9d3ed861b6eb0eeddbb5bebd6ad93016defb9e79e30150080daa071416eb9e596500380c22004016acc071f7c908cb88ecaf0e5975fdab061c3ec6f7ffb9b2dbcf0c276c82187d8b871e3c2540000aa97c60539f4d043430d000a831004a841db6fbfbd8d183122d4502914600d1a34c836dc70436bdbb6ad1d77dc71f6fcf3cf87a900005497975f7ed9d658638d500380c22004016ad0cd37df6cddba750b3554a2d75e7bcd4e3bed345b6db5d59213c4810307da1b6fbc11a60200501d165a6821fbecb3cf420d009a8f1004a8518b2cb2884d9c3831d450c99e7df6593be698636c996596499efe73e18517dae4c993c35400002a97060a675c100085440802d4a8a38e3a2ae94980ea3276ec583bf8e0839311f5b7dc724bbbfcf2cbedebafbf0e530100a82c175f7c31e3820028284210a046e9fffd0a2bac106aa84677df7db7edbdf7de36c71c73588f1e3deca69b6eb2fffce73f612a0000d9c7b820000a8d1004a8619b6ebaa9dd77df7da1866af5d34f3f2503e1eeb8e38e36fbecb3db9e7bee6977de7967980a0040b6695c904f3ffd34d400a0790841801aa65b25f6d8638f50432df8f6db6fedca2bafb42e5dba248f4a3ee8a083ece1871f0e530100c89e9d77de3919d41d000a811004a861df7fffbdb56cd9d2befaeaabd0825af2d1471fd945175d649b6cb2892dbdf4d2c938314f3ffd74980a0040360c1932c40e39e490500380e62104016adcfefbef6f83070f0e35d4aab7de7acbce3cf34c5b6badb56cd55557b5534f3dd55e7df5d530150080f299306182adbefaeaa10600cd430802d4b871e3c6d9faebaf1f6a80d90b2fbc6003060cb0e5975fde36d860033befbcf36cd2a449612a0000a5b7f0c20b332e088082200401907cbbc26d10c8e5d1471fb5c30e3bcc165d7451ebd4a9935d7ae9a5f6c5175f84a900009486c60519397264a80140d3118200b073cf3d977b6dd1a07befbdd77af7ee6d73cd35976db7dd7676dd75d725e3ca0000506c1a17e4ef7fff7ba80140d3118200b08f3ffed8e69e7b6efbf5d75f430b50b7df7efbcd6eb9e516db65975dac458b16b6fbeebbdbedb7df6e7ffcf14798030080c2d2b820abadb65aa80140d311820048f4ecd933f9661f688c7ffffbdf76f5d5575bb76edd6c9e79e6b1030e38c0c68c1913a6020050388b2cb2884d993225d400a06908410024468d1a655b6eb965a8018da701ebd45d79b3cd36b3c5175fdcfaf7ef6f4f3cf144980a0040f3a80722e38200682e421000332db1c412f6e69b6f861ad074efbefbae9d7df6d9b6eebaebda4a2bad64279e7822c71a0040b35c72c9258c0b02a0d9084100cca4c7a2ea621528a4975f7ed94e3ae9245b79e595935044e188421200001ae395575e615c1000cd46080260a6d75e7bcd9659669950030a4fb7c7e83619f53aead8b1a35d7cf1c5dcdf0d00c89bc605f9e4934f420d001a8f1004c09f74ead4c9eebaebae50038ae781071eb03e7dfad8bcf3ce9b0cacaa015635d02a000075d975d75ded5ffffa57a80140e3118200f8135d886ae031a094f4885d3d6a77d65967b59d77ded96ebef9661ed90c00f88ba14387dac1071f1c6a00d078842000fee4a79f7eb2d6ad5bdb679f7d165a80d2f9e1871fecfaebafb7edb7df3ed90f7bf7ee6df7de7b6f980a00a875afbefaaaadbaeaaaa106008d470802e02f0e3ae8201b346850a801e5f1e5975fdaa5975e9adca2a57bc00f3df4501b3f7e7c980a00a8558b2eba28e3820068324210007fa1c12bd75a6bad5003caeffdf7dfb7f3cf3fdf36dc70436bdbb66df224a3175e78214c0500d412c60501d01c842000725a679d75ecb1c71e0b35203bf414a3534f3d35e90ebde69a6bda19679c616fbef966980a00a8761a1744bd5601a029084100e474e185175adfbe7d430dc8a6679e79c68e3efae8e4d1ceeddbb7b78b2ebac83efae8a3301500508d342ec82aabac126a00d03884200072fafcf3cfad55ab56f6e38f3f861620dbc68e1d9b7c33b8c0020bd8565b6d65575c71857df3cd37612a00a09a2cb6d862f6f1c71f871a00e48f1004409d74cfedf0e1c3430da81c77dd7597edb5d75e36c71c73588f1e3d6cc48811c9938f0000d561b7dd764bfeb6034063118200a8d3e8d1a36df3cd370f35a0f228f8d049b2821005220a46149000002a9b9e1ec6b820009a82100440bd965d76597be59557420da85cba3546b7c8e85619dd32a39367dd420300a83c1a249b71410034052108807a9d7cf2c976dc71c7851a501d3478aa0651d560aa1a545583ab6a90550040e5d0b8200c860da0b1084100d4ebedb7dfb6c5175f3cd480eaa3c7ebea31bb7adcae1ebbabc7efea1b460040b6edbefbee76d34d37851a00e48710044083ba74e962b7df7e7ba801d5eb85175eb001030658dbb66d6dc30d37b4f3cf3fdfde7ffffd3015009025c3860db3030f3c30d400203f8420001a74c30d3724034b02b564fcf8f176e8a187da228b2c629d3a754a06e1fbf2cb2fc3540040b9bdfefaebd6ae5dbb500380fc10820068d08c19336cde79e7e5be5bd4ac7befbdd77af7ee6dad5bb7b6edb7dfdeaebffe7afbe1871fc2540040b9e8965dce4f003406210880bc1c76d86176f6d967871a509b7efdf557bbf9e69b6de79d77b659679d35b91f9d5bc500a07c1817044063118200c8cbb3cf3e9b0c1a09e07ffefdef7fdbd5575f6dddba754b7a4af5e9d3c71e78e081301500500a1a17a46fdfbea106000d23040190370d143976ecd85003e0a64c9962175f7cb175ecd8d196586209ebdfbfbf3df1c413612a00a058342ec8ca2baf1c6a00d03042100079d3459ec6450050b777df7d37b9756cdd75d74d4ecc4f3ae9247bf9e597c3540040a1297c9e3c7972a80140fd084100e4ed9b6fbe49c64198366d5a6801501f1d5f4f3cf1445b69a595925044e18842120040e1f4ead5cb6ebcf1c6500380fa11820068943df7dc33b9ff1640e3e8f618dd26a327196cb6d9663664c810fbf4d34fc3540040535d76d9658c0b02206f8420001a65cc9831d6a143875003d014fa7f74c00107d83cf3cc930cacaa015635d02a00a0f1de78e30dc6050190374210008db6e28a2bda8b2fbe186a009aea8f3ffe481eb1ab473cb668d1c276d96517bbe5965becb7df7e0b730000f2a171413efcf0c3500380ba11820068b4810307da91471e196a000ae1fbefbfb7ebaebbceb6db6e3b9b6baeb9924188efbdf7de301500509f3df6d8c36eb8e186500380ba11820068b4499326d9420b2d146a000aed8b2fbeb04b2fbdd43a75ea648b2ebaa81d76d861f6e8a38f86a90080b4cb2fbfdcfaf4e9136a0050374210004db2edb6dbdac89123430d40b128743cefbcf36c830d36b0e5975fde060c18602fbcf042980a009037df7c33791217003484100440932800511002a0745e7df5553bf5d4536dd55557b5b5d65acbce3cf34c7bebadb7c25400a86d4b2eb924e38200681021088026d32d31fa961a40e93dfdf4d376d45147d9d24b2f6d9b6cb2895d74d145f6d1471f85a900507b181704403e08410034990647d520a900caebe1871fb6830e3ac816586001ebd2a58b5d79e595f6edb7df86a900501b181704403e08410034991e93abc7e502c88e3befbcd3f6dc734f9b7df6d96dc71d77b4112346d84f3ffd14a60240f5d2b8209c9700680821088066e9d0a1838d193326d40064c57ffef31fbbe9a69bac478f1e36c71c73d8de7bef6d77df7d77980a00d569a9a596b20f3ef820d400e0af08410034cbb061c3926f9d0164d7d75f7f9d7413df72cb2d6dc10517b4830f3ed8c68e1d1ba60240f5d039c9f5d75f1f6a00f0578420009a65dab46936ebacb3da37df7c135a0064d9e4c993edc20b2fb4f6eddbdb32cb2c63c71c738c3dfbecb3612a0054b62baeb8c20e38e080500380bf220401d06cbd7bf7b68b2fbe38d400548a37de782319dc788d35d6b0d5565bcd4e3bed347bedb5d7c25400a83c7a6c38e38200a80f2108806653b7fa0d37dc30d40054a2e79f7fde8e3bee386bdbb66df2ff79d0a041dc570fa022695c90f7df7f3fd400e0cf08410014c4aaabae6acf3cf34ca801a864e3c68db3430e39c4165e7861fbdbdffe968cfdf3e5975f86a900906d7bedb5975d77dd75a106007f460802a020ce3efb6c3becb0c3420d40b5b8e79e7b6cdf7df7b5d6ad5b5bf7eedded861b6eb0e9d3a787a900903d575e79a5edbffffea106007f460802a0203efae8239b77de79edb7df7e0b2d00aac92fbffc6223478eb49d76dac9669b6d36ebd5ab978d1a352a4c0580ec78fbedb76d851556083500f83342100005d3a3478fe45b6200d54de70e575d759575edda35093ffbf6ed6b0f3ef860980a00e5b7f4d24b332e08809c08410014ccedb7df6e5dba74093500b5e0934f3eb1c18307dba69b6e6a4b2eb9a41d71c411f6e4934f86a900501e8c0b02a02e8420000a6af1c5174fbaa102a83defbcf38e9d75d659b6ce3aebd8ca2baf6c279f7cb24d9830214c0580d2615c10007521040150507ac4a62e7c00d4369d5b9c70c209b6e28a2bda7aebad67e79c738e4d9c38314c0580e2d21732cb2fbf7ca801c0ff2104015050afbcf28a2dbbecb2a10600668f3ffeb81d7ef8e1494fb1cd36dbcc2eb9e412fbecb3cfc25400288e659659c6264d9a146a00f03f8420000a6ef3cd37b7d1a347871a00fc9f3163c6245dd4e79e7b6edb669b6dec9a6baeb169d3a685a90050387befbdb75d7bedb5a10600ff430802a0e0860f1f6ebbeeba6ba801c05ffdfefbef76db6db7d96ebbed662d5ab4b05d76d9c56ebdf5569b3163469803009a47e723fbedb75fa801c0ff10820028b81f7ffcd15ab56a659f7ffe79680180ba7dfffdf7c9531cb6dd765b6bd3a64d72d172df7df785a900d0341aac99714100a4118200288abe7dfbda05175c106a00901f85a743870eb52db6d8c2165d74513becb0c3ecb1c71e0b5301a071342ec87befbd176a00400802a04874d1a2c7640240536940c3f3ce3bcfd65f7f7d5b618515ecf8e38fb7175f7c314c058086edb3cf3ec9d84300e008410014cd5a6bad654f3cf144a80140d3e9c953a79c728aadb2ca2ac9df9633cf3c3379042600d4e7aaabaeb2debd7b871a0010820028a2418306d941071d146a0050184f3ffdb41d75d451b6d4524b59870e1dec9ffffca77dfcf1c7612a00fc9f77df7dd7dab66d1b6a00400802a0883efbec336bddbab5fdf4d34fa105000aeba1871eb2030f3cd0e69f7f7eebd2a58b5d79e5953675ead4301500cc965d7659c605013013210880a2d2632fafbefaea500380e2b9f3ce3b6dcf3df7b4962d5b5acf9e3ded5ffffa97fdfcf3cf612a805ac5b82000628420008aeaeebbefb64e9d3a851a00149f1ed37de38d37da0e3bec903cae7befbdf74efe1601a84d8c0b0220460802a0e8f478bad75e7b2dd400a074befefa6bbbfcf2cb6dcb2db7b485165ac8fefef7bfdb238f3c12a602a8051a1764b9e5960b3500b58e100440d19d74d2493660c080500380f2f8f0c30fed820b2eb08d37de381923e098638eb1679f7d364c0550cd14824c9c3831d400d43242100045f7e69b6fda124b2c116a00507e6fbcf1860d1c38d0d658630d5b7df5d5edf4d34fb7d75f7f3d4c05506df6dd775fc62803902004015012ea8a3e6ad4a8500380ec78eeb9e7ecd8638f4dbe29de68a38d92c77babd70880eaa100444108001082002889ebaebb2e795a030064d9b871e3ec90430eb185175ed83a77ee6c975d76997df5d557612a804aa55b611817048010820028895f7ffdd5e69e7b6efbf8e38f430b0064dbe8d1a393476bce39e79cd6bd7b77bbe1861b6cfaf4e9612a804aa3104483a402a86d8420004a46dfae9e7beeb9a1060095e1975f7eb1912347da4e3bed642d5bb6b43df6d8c3eeb8e38e301530fbf6db6fad5bb76e36cb2cb324454f21facf7ffe934c7bfae9a767d6fff18f7fd8bffef5afa4bd29b4acd681a6d16372f5b85c00b58d100440c9e8445003100240a59a3a75aa0d1f3edcb6de7a6b9b6fbef9ac6fdfbef6e0830f86a9a8451e80c4e186de7bf0118720cd4508d23cd75c734dd2bb0b406d2304015052ebafbf7e72cf3d0054ba4f3ef9c4060f1e6c9b6ebaa92db5d45276e49147da534f3d15a6a256c48187d37bb52900a9ab2788cfe3bd47349fe855bd8d54d4bece3aeb24b770a8dde72508699af7de7b2f793c3680da460802a0a474c1b0fffefb871a005487b7df7e3bb9305d7bedb5ad5dbb7676f2c927db840913c254542b0f32e25e20697585207aef6186e649871d7af5f5fb7cf40469beb66ddb322e0850e308410094d4d75f7f9ddc53fffdf7df871600a82e2fbdf4929d70c209b6e28a2b26bddf341692be8146f5f1904281455d7285207e0b8d2f17af4745d3348fc4c1072148f3312e080042100025a72ebe975f7e79a80140f57aecb1c7ac5fbf7eb6d8628bd9e69b6f6e975c72897df6d967612a2a9d8717debb2397fa4210bfbdc58ba6c5f30b214861312e08004210002577fffdf727f7d003402dd1df3edd0ea8c7856fbbedb676edb5d7da77df7d17a6a252299888430ba7b0c27b76e40a41f48540aedb3208418a4bbdb2965966995003508b08410094c50a2bacc0df1e003569c68c1976ebadb7daaebbee9a7cfbaf57d5d58eca53d7d361fc96965c2188e8bd071a0a433426483a34114290c25b7ef9e5ed9d77de093500b586100440599c76da6976d45147851a00d426f504518f10f50c69d3a64dd253443d465059d2b7b7c4637ad41582a8aef6f85618a92f04d134cd4b10d23cfbedb75ff2a86b00b589100440594c9c38d1165e78e150030068ac108d19a2b143348688c612d19822000a4bc1e3de7bef1d6a006a0d210880b2d1376537df7c73a801009cc62dd05365f47419dd3ea8a7cde8a933009a6fd2a4498c0b02d430421000653362c408db7efbed430d0090cb840913ece4934fb676eddad9da6baf9ddc0af1f6db6f87a9d9e2b7765028852e85a67141b2faff08407111820028ab051658c0de7ffffd500300d4e7a9a79eb2238f3cd2965a6a29ebd0a1830d1e3cd83ef9e49330b5fc8a71b10a1463bfd2f83b575e7965a801a825842000caaa7ffffe76e69967861a00205f0f3ef8a0f5eddbd7e69b6f3edb7aebad93811ea74e9d1aa616d781071e98f44c49230441311463bfbaeebaeb6cafbdf60a3500b58410044059bdf0c20bb6f2ca2b871a00a029eeb8e30edb638f3dac65cb96d6b3674f1b3972a4fdf2cb2f616ae10d1c38d05ab56a653becb04368f99ff4c56afaa9297a0cac1e072bfe7494f8c929f153559a4a4f50899fb4a2cfd5abe8337c5bbcc44f624136e9f75468ea85baf4d24b871a805a420802a0ecdab76f9f7ca30900689ee9d3a7db0d37dc60ddbb77b739e79cd3f6d9671f1b3d7a74985a380a4174613acf3cf3588f1e3d42eb9f2f56157628f4881fe7aa7042f3289448872085e09f595f0812072d1ed21084645b314210d1a0c38c0b02d41e4210006577e9a597f2a83a0028b0afbefaca2ebbec32ebdcb9b32db4d042c985feb871e3c2d4e6f11044250e42e28bd5867a76a44390f4fc1e98a8c42185cfa7f15034cd7b9778a0e1cb68be86421049cf83ecd1efa718181704a84d842000ca4e7f875ab46851b27bd901a0d67cf0c1073668d020db68a38d6cb9e596b3638f3dd69e7beeb930b5f1e21044c58310bf58f54042a1435dea0b41e26022bd2ebdd635adb13d4124bd0cb2c7f7ab42635c10a036118200c8847df7ddd72eb9e49250030014cbebafbf6ea79f7e7ad23b441797852ed2dc10241d56a81ecfe7bd3fd2eb2004a94ebe5f159ac605d1939600d41642100099f0d0430f25df5002008a6fc68c19b6e0820bdac48913434be3e4ea09a24152fd62b53921c8a79f7e9ab4c5eb57c915901082d406fd0e8b65c51557b4b7de7a2bd400d40242100099b1ca2aab34ab7b3600203f1a0761e79d770eb5c64b8f09e24f89892f5673050eb1ba429074d09156e810243d0fb227deaf0aed80030eb02baeb822d400d40242100099a193d37efdfa851a00a058d4f3ee81071e08b5c68b9f0ea327d1b8f862d50309fd6d770a273c70a82f04898309d5d5eeeb89e76b6e08925e1ed914ef578576fdf5d7db9e7bee196a006a01210880ccf8f0c30f6dfef9e7b7df7fff3db400000a4d4f885150d01c0a415ab56a35b307884b5fac7a80a1762f1e48a403887440e181894a1c52d4178278dd97193f7efc9f3e53cbfa3abdc4eb4636e9f7542c1a3498714180da4208022053f48de28d37de186a008042db638f3d6ce8d0a1a1d634871f7eb8b56bd72ed4fe4f312f5651bb8abd5f695c9037df7c33d400543b4210009972ebadb75ad7ae5d430d00504893274fb6366dda14ade7835fac9e71c619c9fb4a2aabafbe7ab2edc81efd7e8aa94f9f3e76f9e597871a806a4708022073165d74d1e4be6e0040619d72ca2976e49147865ae115fb6215b5a9d8fbd50d37dc90f49002501b08410064ce31c71c63a79e7a6aa801000a65f1c517b737de7823d40a8f1004c550ecfd4a63922db9e492a106a0da118200c89c09132658dbb66d430d0050087a0a46fc249762200441319462bf5a69a595181704a8118420003269b3cd36b37befbd37d40000cdd5b16347bbfbeebb43ad380841500ca5d8af181704a81d84200032e9ca2bafb4dd77df3dd40000cdf1e4934fdaaaabae1a6ac5135facea11b77a146f3cc6931e6babb11718f7098d518a1084714180da41080220937ef8e1079b638e39eccb2fbf0c2d0080a6eaddbbb75d74d145a1563ce91044f57ffce31fa18510044d538a1044e3822cb1c412a106a09a118200c82c754d2dc5493b0054b3cf3efbcc669f7d769b366d5a68299e7408f2f7bfffddba75eb664f3ffd74d2960e4154d7742d1707269a5fcb0e18302069f775a86789ea5ab753bb2faf658af5f85f948f7eb7a5b0f2ca2b1775e06000d940080220b3c68f1f6febaebb6ea801009a42c1c2a1871e1a6ac5155fac2aa8d0677ba0a170220e415457bb071a6aebdab56bf2eac1865e7d3e05215a5e6dfe3e5ec6e78b7b9ea03a942a04e9dbb7af5d76d965a106a05a118200c8b435d65823b9971d00d034cb2ebb6cc9cef572852071d891ee09128ba7c54187683d7158a2f9344d6d1eb0481cb8a07a942a04b9f1c61bad57af5ea106a05a118200c8b4f3ce3bcf0e3ef8e050030034c6c891236debadb70eb5e2cb158288071713274efc5308e23d3ebcf840aae930a3be10245e5e250e4f501df47b2d85c99327332e08500308410064da942953ac4d9b36f6f3cf3f87160040be3a77ee6cb7dd765ba8155f7cb11a8720a2f70a363c045150e1637d88ea3ead312148fc19a84ea50a4144e382bcfefaeba106a01a118200c8bc9d76dac9aebdf6da500300e4e3f9e79fb715565821d44aa3be10c4430fefed910e41347f637b82e8bd8f09221eb4703b4c75296508a27141860d1b166a00aa11210880ccbbf3ce3b936f330100f93be8a083ecdc73cf0db5d2a82f0411851b1e7488e6d1322ac3870f4f020ccd936f08229ad7d7c1ad30d529deaf8aeda69b6eb2dd77df3dd40054234210001561a9a596e2b1750090a76fbef9c65ab468615f7df55568298d525eaca2769472bffae8a38f6cf1c5170f3500d5881004404538e1841392020068d8f9e79f6f7dfaf409b5d221044131947abf6ad7ae1de38200558c10044045502f10f5060100346ca59556b2679f7d36d44a871004c550eafdeac0030f645c10a08a118200a8181a1744e3830000ea366ad428ebd4a953a8951621088aa1d4fb15e38200d58d100440c5d01362f4a4180040ddb6d9661b1b316244a8951621088aa1d4fb95c605596cb1c5420d40b521040150317efef9676bd3a68d4d993225b400006213264cb0a5975e3ad44a8f1004c5508efd6a955556b1d75e7b2dd400541342100015e5e0830fb6f3ce3b2fd40000b17efdfad919679c116aa5175facc68fbf8d4bfab1b94da5c7e7d6f5485d5417ed37a5a6474c5f7ae9a5a106a09a108200a8284f3ef9a4adb1c61aa1060070df7fffbdb56ad5aaacbde5e28b558520a50a260841aa5b394210dd52b6db6ebb851a806a420802a0e2acbbeeba367efcf8500300c8e0c1836d9f7df609b5f2684c08a21e21dae66eddbacdec21e2bd47d659671d7bf7dd7793f9bcc787da557c9dde4e4f90ea17ef57a5f2f1c71f332e0850a5084100549c8b2ebac8faf4e9136a0000512fb9c71f7f3cd4ca23be58cd27045100f2edb7df268187820fbf5546afb9de6b5e2da3d08310a476942304118d0bf2eaabaf861a806a410802a0e27cf9e59736c71c73d80f3ffc105a00a0b6dd73cf3dd6a14387502b9f7408a27aba28b09074b8b1c71e7bccecfda1657d5a2c0e3e08416a87f69b72d0b82043870e0d3500d58210044045d2f3fbafbcf2ca500380dad6a3478fe431e2e5165face6d31344f3487d2188f7124907298420b5a35c2188f6c35d77dd35d400540b42100015e9de7befb5cd36db2cd400a076bdf5d65bb6e8a28b865a79153a04f1a0c3e78b830f4290da51ae10e4934f3ec9ccff2d00854308d248e96f230a7dc08d4f089a2bd737272a855abfd4b5bdf13dbbf94a9fe8000d69dbb6ad4d983021d400a0361d7df4d176d24927855a79e93cc3e9785edf79525342109d57e83308416a4bbc5f95daaaabaecab8204095210469040f15e20b7b1da0b37ad0d5f676edda75e60985a44f328a851004a570eaa9a7da31c71c136a00507b7efef9679b77de79ed830f3e082de5950e41544f173f6fca2704119d4bf8b26af3e508416a877ef7e572f0c107332e08506508411a4107581fc5dca58386f8401d1f8c75c0eed5ab57d27ee1851726077a5f4f7ce08f4f0844755f9fd62d7ed04fb7a7a5b74dd2270c9aae60c7b735d7f66bf97cb637de2ebdc62148aef53aff19b54e95f8e707eaa37d906eaa006ad9b061c3923192b242c773a0d0cab95fe9bc94714180ea4208d208baf8d785bd42833858706af3d0c103015de08b5efde2dfa7c501814f8b4305bdfaf25aa707116af3762d9bcff6b8b82dbdac5ebda74bbcfdf96eafde7bbbe6d1014baff167c6eb152debc1927fbeaf0fc887f6ad5b6fbd35d400a0b6acb7de7a3676ecd8502b3f4210144339f72b8d0bb2c8228b841a806a4008d204ba48d71f6395384450bb8700920e0bfcc25fe2ba5ee32041ef3d2cf0e0c17910e3ed75cd271e2af8b67af179f51af76c513dbdfd3ebdb1db1bd71bfa77f17549ba0e34e4c61b6fb4eeddbb871a00d48e871e7ac836d8608350cb069d67008556eefd6ab5d556b3575e7925d40054ba5908419a270e0a74f11e870d2a7188105fdc7b103065ca9499b79688cf970e3b9cb7a73fe7baebae4bd6e775ad43eb4cf70489c561846899b8aee5bcf74963b7371d82c4dbaaa2793ffdf4d3641e4d77842068acdf7fffdde69f7f7efbf0c30f430b00d40675d1bffcf2cb432d1b748c070aaddcfb95ce572fb9e492500350e908411a4117e7e90b745dfc7b28a069ba88cf257d71efcb8d1e3dda060c18303378f0f9e21021167f5e43344f6342905c750f711abbbd71bd31ff2ee93a908f7efdfad5b98f0140359a346992cd37df7cf6ebafbf86966c20044131947bbf1a3972a4edb2cb2ea106a0d211823442ae504117ec1e14a4a7eba2cc43855c17f76ad31ff5ba4200bd579178dde9761fc7232dbd3d69e9d0235e978718fe39a2f7f56daf5e7d7d5a87e6d56b7a3bb44c3c5ffcefc79820688ae79e7bce56596595500380ea77c20927d8b1c71e1b6ad94108826228f77ea59ed08c0b02540f429046f20b75fd3156f10b78e717ffe9697158e034afd6e5e180c4f37910e1ebd3fcb9daeb0a0dd2e1439ad6e761848bb73fd7b47cb757afea31e2db1caf37fd6fa67578fbe0c1830941d0241b6db451727f3c0054bb3ffef8c3165e78617be79d77424b76e878ee743cf763bf97f4b94573f9b9873ecbdfeb9c43a5d09f85f289f7ab72d1b82013264c083500958c10044055d0bdbafbeebb6fa80140f5baeaaaabac67cf9ea1962df1c5aa8289741011f7062d84ba421054972c8420dab7860c19126a002a19210880aa3075ea546bd1a285e96f1a0054b3f6eddbdb7df7dd176ad9d25008a29ea0eaf9e9418507175a4e250e30e29e24b97aa2aa5de395a9d4d71344f3aa77aaf7e48db7a9becf4776e877536e1a1764e79d770e350095ac2243103f505128852ea86c7befbdb75d7ae9a5a10600d5e7d1471fb535d75c33d4b2273e96e60a4124be9556ef55440184871d7a9fbeadd8e7d3b23e4df36a99864290f4fc1e76d4f5f9c8962c9ca3e9a986ba0d0d40e5abd810042834f6abcaf7e0830f26df900240b5da6bafbd32dd25bf3121485dbd42bc1ed3fc1e56f8f2ceebf58520be6c3c4f633e1fe5959573b4d5575f9d7141802a40080204e9fdaa5dbb76d6b76fdf5043a55879e595ed85175e083500a81e1f7ffcb1b56edddaa64f9f1e5ab2a7a110c483863804d1327189038db85d4146bcbccb2704f1f9e379eafb7c648b7e2f5970c82187302e085005aa2204491f28fda057483a807a57caa6f06df46dd301d6b7d74b73d68fe6d3efc0edb0c30ed6aa552b1b3870606841a538f3cc33ad7ffffea10600d5e3b4d34ecbfcdfb7f858aa739df43959dcfb42ef359e47aedb4fd2cbaaeebd39e250439a1382d4f5f9c89678bf2aa79b6fbe997141802a304b3584203ab07980a0839aa6c707c72cf083ae1f90b57df17da73e9d20a47c7cbf520032cf3cf324754290caf3fefbefdb020b2c106a00503d965c72497bedb5d7422d9be273349debf8798f532011b7a9ae22f1781df1b21e9cf87c9aeee74bbe8ce6f773294d57f1e5eb0a41a4aecf47b6a4cffdcb45e3822cb4d042a106a052cd520d21880e5e6acb75d0f2839da6aba40f823eaaf85a6bad65bd7af59a79c014add70fb2f17bd167f93a738519757d9eaf5fedf172121fc8517afa7dc501880a214865da7efbed6dc48811a1060095efc61b6fb4edb6db2ed4b24bc74ea7f3193f9e7a89cfb3a4aef3260f3ed4a6d7d1a347ff69593ff7d3b4c1830727cbf9ba748ea6e2f36b5e5f6f3c4f5c4f7f3eb245bf9bac58638d35ece5975f0e35009568966a0a41721dbce2f0c2830bbdfa412f0e22b4accfeb075f2d2ff17ae26f0a7c3df181b6becff3f9f459e91024fd99282dfdaee200448510a432a9bbaafe2f0140b5d87cf3cdedce3bef0cb5ecd2b11328b42ced57871e7aa85d7cf1c5a106a012554508e2e1815fb87a08910e15bcae00221d4a481c6ec40186c4e1461c96c41af3798420d972df7df7cddc7f0a555ab4686173ce39a7cd3befbc49d7c9c5175fdc965d76595b71c5156db5d556b3b5d75edb36d86003ebd0a1836db1c516b6d5565bd9b6db6e6b3d7af4b05d76d9c5f6dc734febddbb773238ab0eb8471c71841d77dc7176d24927d9e9a79f6e679f7db60d1a3428f9066cd8b061367cf870bbeebaeb927debb6db6eb3bbefbedbeebfff7e7bf8e187edb1c71e4bf6650d18faca2bafd89b6fbe6913274eb4c99327275d3bbffefa6bfbf7bfff9d0cb6f7ebafbf867f95caa6c7d8e96704804aa7bfdf1aacbb12e8f807145a96f6ab5b6eb9c576da69a750035089aa2204710a0ffc0254ef3dd4f0b6785aae10c4db345d250e3ae27a7a9a6bcce71182648f7e5785ea09f2c71f7fd87aebad67575c71857dfffdf7c9eff68b2fbeb04f3ef92419b3e29d77de49eeebd6ffbde79e7bce9e78e2091b376e5cf288d77beeb9c7eeb8e38ea43783ba3f5f73cd3576f9e597db25975c62175e78a19d7beeb9c9e09fa79c728a1d7ffcf176f4d1475bbf7efdece0830fb6fdf7dfdff6de7b6fdb7df7ddad67cf9ec96d215b6fbdb5fded6f7fb38e1d3bda461b6d64ebaebb6ed295534f5169dbb66d728ff9228b2c62f3cf3fbfcd35d75c36fbecb32701ce1c73cc616ddab449c6d75874d1456da9a596b2e5975f3e39115f73cd35939f6fe38d37b6cd36dbcc3a77ee6c5dbb76b5eeddbb272706fafc7df6d9c70e38e080649f3ffcf0c393ed3ce18413ecd4534f4db6ffbcf3ceb38b2eba28f9b9f4efa49ff3a69b6e4a4e2ef4f3df7befbdc9bf87fe5d9e7cf2c9e4df49ff5eafbffe7af2efa77f47fd7beadf75ead4a9c9bff34f3ffd64bffffe7bf23b38eaa8a392410401a0d2e96ffb05175c106ad9a66327506859daaf3efbec33c605012a5c558520e241822ebcf40d775da142ae10443c9cd0055dbc5c1c7ce40a30a4be10239f10c443144d43e969bf2ae49820ea75d1b2654b7bf5d557434b65f9e5975f929e21ea21f2d5575f25ff9fd47344bd2bd493443d4af433ea1bca471f7d34e971a29e2777dd7557d213456372a8678a7aa85c7ae9a5498f15f55c39ebacb3929e2c279e78a21d7becb1490f173d724e3d5ef6dd77df648c1ef584d1ef629b6db6497ac8a81bf8269b6c62ebafbf7e327ecfaaabae6a2bacb0822db3cc32b6d8628bd9820b2e98fcdef4449f59679dd5669b6db699efd52364892596487ae1acb4d24a492f1cfd3fdb70c30d935e389d3a75b22e5dba24bd7076dc7147db75d75d935e38fbedb79f1d78e08176d86187d991471e99f4c239f9e493937d42bd707441a2eeb0ea8573d55557d9f5d75f6f23478eb4db6fbf3de9853366cc181b3b766cd20be799679eb1175f7c31f9377bebadb7ecbdf7deb38f3efa283991522f9c69d3a6d98f3ffe5835bd7000148e825efd4dd3f95a25c8d2c52aaa47d6f62bc605012a5bc5872071e8a170211d44c4e1457c8b4b5d2148dc9b43f3b9783de9b0229e96efe7e50a41e265517abe5f15f2e930ba40d6c53b4a6bc68c19c9ffb3f6eddb273d6a3efffc73fbf8e38f93de236fbffdf6cc5e38cf3efb6cd20be791471eb1071e7820e985336ad4a899bd70aebefaeaa417ce90214366f6c239e38c33925e3803060c487a9ba817ce41071d34b317ce6ebbed96f4c2d10086de0b67d34d374d7ae1e8fffceaabaf9ef4c2596eb9e566f6c2996fbef9925e380acdbc17cedc73cf9df4c251c8b3f4d24b27bd705659659599bd70f4b3a917ce965b6e99fcdd502f1c3db64f033c2b4cead3a74ff2f7468fd33ce69863925e38ea19a3bf33ea85f3cf7ffed3860e1d6a575e79a55d7bedb5492f9c5b6fbdd534e6807ae13cf4d043367efcf8a417cef3cf3f9f9ceca9178efe667df0c1073665ca14fbf2cb2f935e383ffcf083fdfcf3cf337be100281c85aefabf5c29fc580a1452d6f62bdda6ac2f770054a68a0f41240e2e54e260c3c3079fe6c1453a9470de9e0e23d20185071c2a719891efe7a9dde7f14200525efa1d380521ea49508881517571ac0b51949e020cf52ca924ba954abd70142ce8efb37ae12870f8f0c30f935e386fbcf1864d98302109269e7aeaa9a4178e020b8d6ba35e380a32bc178e020ef5c251e071fef9e727bd701484782f1ced97ea85a3c0c47be12848d1feafbf470a58d40b47818bf7c25110a35e380a66bc178e021bfd7f5180a320a775ebd649b0e3bd7014f8a8178e0220fdbd542f1c0543ea85a3a04881917ae12840da6bafbd925e380a96d40b4741930227f5c2510075ce39e724bd70144c5d76d965495075c30d3724bd701460e90912ea85a360ebf1c71f4f7ae1bcf4d24b498f2c056093264d4a7ae12818fbe69b6f925e38fa9bfcdb6fbf85df00902dba6d513dc92a457c2c050a256bfb956eddd5171e002a535584204021a4f72b8d7d5188f042df90abdba4be694769699c105d94eb96139486c204850a0a171432286c50e8a0f0412184c20885120a27145228ac5068a1f0422186c20c851a0a37147228ec50e8a1f0432188c210ef85a390446189421385270a5114a6782f1c852c0a5b14ba782f1c85310a6514ce28a45158a3d0c67be128cc51a8a370c77be128f451f8a31048619042218543de0b47a191c2238548de0b47e192fe7e286c52e8a4f0492194c22885520aa7145229ac5268a5f04a2196c22c855a0ab7147229ec52e8a5f04b2198c23085620ac774fc5658a6d04ce119aa8f2eb4744b6025491f4bd35ffaf8974385e05f30c53d771b43dba22fb924fd859a4afc2517ca4bbf8f2cd1b14dc7090095a9a243109d10c707ab6a2aba484069e9dfbd587431a3db1d34a0274a4b3d71e8b28a7ce8761e85960a16749b8f6ef751e0a0db7f7421a4db81745b908209dd26a4db851458e8f621dd46a4204361a76e2f52c0a1db8d1478e8f6235d682908d16d49ba3d4901892edebc178e6e635290a2db9abc178e6e7752e0a2db9f741b948218dd16e5bd7074bb94021bdd3ee5bd70f47746c18e6eb3d2ed560a7c74fb95f7c2d16d590a86749b96f7c2d1b7990a90743b97febf2858d26d5ede0b47b77fe978abdbc1745b988229f5b25250a5dbc674fb98022cdd4ea6dbca146ce93633dd6ea6f30bdd7ea6004cb7a3e9b6345d3ca8d7e377df7d975cc4eaf635e4a60044414825898fa50a19e25eae7a55bd90414873a443108d0717871e0a578a1584e8b8a45038ee3daca26dd2e7c6ff46be9d5aa6564399629ea33595fe2e57da351480ffa1270810147bbfd2c98bbe994669e9e932faf61ea8761a585703ecaa178e7a3f69e05df5c2d140bc1a905703f3eab60af5c2d180bd1ab857bd703490af06f4552f1c0df0ab817e359e9106fe552f1c8d49a15b03d50b4703046ba060f5c2d1c0c1ea85a3818435a0b07ae16880610d34acbf751a78d87be1684062f5c2d100c5de0b478f0f572f1c0dfaa9418cd50b47e331792f1c0d7cac5e381a08d97be1688c25f5c25138a08193d50b4703297b2f1c0db0ac5e381a70d97be1682066f5c2f1478aab178e3f525cbd703490b37ae1f823c5d50b4717a1753d525cbd70fc91e2ea85532cfa5de956984a131f4b75e1ee2183d305bddf1a2c9aae6554fcc2df7b78281c54bb9e20162fa32040bf73fd3ed4ee3d41d4eebd39e2f935dd3f236ef77041b46c3a04915c3f4373e933d4fb4ddba175a76f858e4390f8bde6d3ffcf5aa4df5dd6e8ef205fb20095891004084ab15fe962411711282d7d0bee27c900b247bd70f4886bddc2a65e38e9478aab178ece55f4a86cf5c2f1478aab178e1ea9adde12ea85a3476deb82598fded623b8d50b478fe4d6a3b9d50b478fead623bb7521ac4778eb51de7aa4b71eedad5e38ba08d623bfd50b478f00f75e38ba3d52bd70f4a8703d325cbd70f40871ef85a3478bab178e1e35eebd701460a8178e6e87d4a3c9d50b478f2af75e387a84b97ae1e8f3bd178e1e75ae5e38da4e2da379b5fdde0b473f977ae1e8e7f45e38faf9d50bc71f29ae5e38fe4871f5c2493f525c17d2e9478a17527c2cf5f0210e1e627120e2018696515ded1e3e689b157a7840e1e185cfa765d2f368bae653ddc38df47a7d3d12cf17d3baebdafea6f21e1d5aa73ebfae1044f3a42fb27dd95a93c5737ff5fe635c10a0321182004129f62b75ffd6b7a1fae611a5a30b087d3b0c00c5a05e38fe4871f5c2a9ef91e2ea85e38f14572f1c1d0f74c1eb8f14572f1cf5be51ef180537eac972d249272501ba7ab8e8a914eaf1d2bb77ef2458574f981e3d7a24bd70d443668b2db6487ae16cb0c106b6f6da6b27bd70565c71c5a417cee28b2f6e0b2db450d20b67ce39e74c7ae1e8d857e812f3e0c1a779a0e0edfad99d0717e96971dddfc76189ded715566899b83d9e4fd34a1d82683d1e7ce8bdd6edff367eeb903e536147ae5b8754d7f45a93deafb240b7f6291005507966210401fea754fb95bea9d3b7851a6700a5a171083476822e540020eb741b927a8654a2868ea50a0054d2018097785a7cb1ef8185420af5f8884304cd970e3b9cdad39fe16183af53ea0a41ea5a6f53e973fd6754d17bb5c5f4f3681b352691c6e589b7c97fd65aa3df5b16e9563dc6f1032a4f558420e9035c210f0ef101b6b174d0f27b53d3c50fbc7ad5c12f57174e94967e2fa5a22744a83b344a475d56f54d2b00649d6ebf69ca794716f8b154e74fe90b78d1cfa5f32addf654d7f955ae732fad47e74a1a4bc3838b783e5fafda627ebe954b3c4debcf1582687a5dcb3785b64febf310c7dfc7f4b3f879a0a6e9e7f279d49eebdfacda95f21cad3174fb9a06c00650592a3e04d1c1c0137dd16baeee83e5a6edc97570166d332148f995fa00ab2ecc1a6810a5a1a757e8891b0090657ad290067fad54e973b4f8dc47afaa7ba8104f8fcfdf7cbef862dfdbb47e6f8fe74b8718fa0c955cedfe99fa2cdf96f47ca2f516e3e930f98e09e254f76d664c906cd1ed6c1a141a406599a5d243103fc8c5d2075d4dd7322a7e50f10367b1471e77e96d126d97be9956bb96f303adda7d3be3cf8bc31e149efe8d4be99b6fbe49eed1d63de1280d3d9542f7e7034056e9b1c51af4b452a58fa53a9f519b97f4395b7c8ee6d3fc1ccdcfbd9cd6159f0ba5e7abeb5c2c6e8f97d7fafc33e3f32d2fc5084044eb548f96c6d276f374986cd160c38c0b02549e592a3d04f1035b3a607071f8e007382de3074e3ff8e9c012f7c6f003637c804dcfa3e99a4f75fff620bd5e176f87f3e5eb5aafda75b0d6677b7b7a1d289c721c601f78e081e451900adb507cea9aad010601208b5e7df5d5e4c932952cab17ab59d3941e1db5da0b44b2bc5f312e0850792a3e04110f1ed4aee24181b72b50701e30a4a7c5757f1f87257aafa2f76a8b6999b83dd77ce979a4a11044eb89bfb1d074cde7751456b90eb07afca11ecd88e2d3e322975966995003806ce9dfbfbf9d76da69a15699b27cb18aca95e5fd4ae382e891dc002ac72cd51082a4294450f10043f3c7259ea6a0c12978d0b4386c88e7cb156488dad39f91be7525d7b21e76d41782a4d75bacae9928ef01562188c210145fa74e9db8050940e6e811bbad5bb74e9e6655c9ca792c45f5caf27ea57141f4986a0095a3a24310050a591f79dc353504c9f579288e721e60753b8c6e8b1933664c6841b15c7df5d5c9a0b400902543860cb1bdf6da2bd42a1721088a21cbfb95c605997ffef9430d4025a8e81044d2e18287161e4ac4d31536a88786da7cbe3804f136addfdbe3f914523476e47197de4ef1b0a3ae10c4b7d7b7456de91e26289c721f60d53b41b76a7cfdf5d7a105c5f0d34f3f25dfb67ef6d967a10500ca4fe30a3cfae8a3a156b90841500c59dfafd65e7b6d7bf1c517430d40d6557c08220a07d4e64521424cf5f4b45c2188a48386f47c7af575c5a146dc9e2ba8d07aeb0a41fc33fc56176f17d57db4726e85292efd1b97db29a79c623befbc73a8a1580e3ae8201b346850a8014079dd77df7dd6be7dfb50ab6c593896a2fa647dbf3afcf0c3191704a82055118200859095fd4abd8ace3befbc5043313cf1c413c9b7ae0090053d7bf64c6ed5ab06f1b134fd25954a53bed0a9eb8bab7c693bfc4b307db68ffb26f117655e7c5e64877e2f5976fbedb7332e085041084180202bfbd5871f7e983c737edcb871a105c5a013f1c71e7b2cd400a03cde79e71d5b78e185ed8f3ffe082d952d3e96e6ea05ab2023dd566c0d852071e8e1814b318210fdecda967438a4cfd3d860fa4cff77f1edd458619abfd665e51cad2e5f7ef9a5cd37df7ca10620eb084180204bfb95461a5f69a595ecbbefbe0b2d28b40b2eb8c0faf6ed1b6a00501ec71e7bac9d70c209a156f9e26369ae10240e2174d1dfab57af6419bfd0579bea719b0713de1324be0539bdfe3860d0fb785eadbba11044344f3cd65b21681b870f1f9ebcfa76c5fcdf43d3e3f772d55557cddcde5aa5df5fd6e9cb95175e7821d4006419210810646dbf3aeeb8e36ccf3df70c3514dae79f7f6ead5ab5b21f7ffc31b4004069fdfaebafc95325264d9a145a2a5f7c2cd5c57eae90c2db74a11f4fd7341f574d01842e2a151668ba87207140e1ed1e6268baaf4feb50d8a1f9b45e9f47f5864290f8f30a45ebd276885ed3ebf6e0237e75f1b2b5aa12cefdfbf7ef6f175e7861a801c832421020c8e27ed5a95327fbe73fff196a28b45d77dd35f9660e00cae1f2cb2f4ffe0e958bc2001dfb0a5d9c2edcd3d3e2c1e3d30184dec717fb3e3d0e2534dd830e519bd7d3cb3bb5f9e7942b04d136f8faf43efe3751bb871f03060cf8d3cf27dae6c18307875a6dd2bf53d68d1a35ca76d861875003906584204090c5fd4af78ab769d3c69e7cf2c9d082421a3d7ab46dbef9e6a10600a5b5c1061bd8430f3d146aa5a3f1473488e301071c105a0a273e96a6038bb438b4f0e0c1eba2f79a270e25d201828a82158da9915edef97a249f1044d3b4ce4286200a31f4d9a2ed49af3bfe4c4d8f7f0e0f48eafa77ac05f17e95555f7df515e3820015a2e243101d24e203a14a7d07dc42d2812a9fcfd281cb0f66f17b644bbc5f65c98811236cf5d557b79f7efa29b4a090965d76597be59557420d004a63ecd8b1b6de7aeb855ae94c9f3eddba74e962fdfaf50b2d85151f4b75be53df7952fa9c28575d251d82a82d97f4f22e5e269f1044f3147a4c106d83071ff17b970e3af4dee7d176d01324fb2188302e085019aa2204491f6075e0285510920f6d4fae8332b225cb07d8238e38c2f6db6fbf5043219d7cf2c9c9f82b00504abbefbebb0d1b362cd44ae3ebafbfb68e1d3b26b75c144b734210bd6fcc9820129ff3c59f97ee59a1f944cbd51782f867c56d85e0db217af580c3a54310d5b59ddade78d95a55292188c605d1c0eb00b26d966a0c41e2039ff8014dcba9d4d51e1f60fce0ab765fbf96d38157ed6a1b3f7efccc693a7029a5d7e76a193f786a9df1fad5ee9f53d776e955073e15b5ebf3fc608fe2d1bf759675e8d0a1e427ccb5e0edb7dfb6c5175f3cd400a0f83ef8e0039b679e79ece79f7f0e2dc5f7f1c71f273d4f4e3ffdf4d0521cf1b134d7395a2c3e27726af3f3a2f4f9527c9ee4f37868e2722deff36b5aae10c4e7f7a2b642d3cfe04f87692c9e0e53392188c605e9debd7ba801c8aaaa0c414407303ff8e9bd1fd07420f45041d3bd5d0717ad47af2a9ebe8baf2b5e5654f7cfd63c3e4dcbc7218c2f9febbd2f1faf5beff533ea55d3348fe6457165fd00fbda6baf59cb962de9665904ea1a7efbedb7871a0014d749279d64471f7d74a8159fc6975a659555ecfcf3cf0f2dc5538c63a99f0bf97955a5d2f6fb3960be9ab24c35aa941044e382cc3befbca10620abaa3e04490712f18154d373850b9a966b9d6a8fbf7188e7d37ae275c5ebf66d89dfa70fe85ed7b4f4e7d4b59d28ac4a38c05e73cd35c937791ad40e8573c30d372483040240292cbae8a2f6d65b6f855a71bdfcf2cbc9d84743870e0d2dc555e863a9be1cd29744b9cecb503b2a25049175d75dd79e7ffef950039045551982c4818287205a262e9a260a17bccd03895ceb9438f448d7e3a043f4de838b789abf4f8733e2d3d29f13af0bc5a37da01268df38f8e083430d85f0db6fbf25dfdc7cf4d147a105008ae3da6baf2d59e8aaf38985175ed8aebefaead0527c95722c4565a9a4fd4ae3b8312e08906db354fb98207a1fdfda529778be7408e1d2ed715d21451c54c475bda643102da365b50ef13a2148f954d20176fdf5d74fee1146e11c76d86176f6d967871a001487c677bae79e7b42ad78f4f4193d627de4c891a1a534742ca5508a512ac51d77dcc1b82040c6cd528d21880283b84d750f11bc5ba582060f2444218896d1abe6498f3caed25008e2b7b0a8c4bd3ce2cf49bff7e5356f3c2648fc398420a5514907d8175f7cd1669d75561eed5a40cf3cf38cadbaeaaaa1060085f7f8e38f278f3c2fb6d1a3475b8b162decaebbee0a2d004a454f61625c1020db66a98610c413622f7180207aaf369f1e071ff1ad321e5a88de7b7b1c54c4eb8eeb0a29f4c8390519f167886fa387193e2dbd5dfef9e9cff1e5505cfa1d5492cb2fbfdcdab76f1f6a28840d37dc30f9f614008a619f7df6499e24574cb7dc728bb56eddda1e7ae8a1d002a0d4347edb73cf3d176a00b266964a0f41b2220e3750992a2d0491030e38c00e3ffcf05043735d7cf1c5d6bb77ef500380c29932658ab56ad5cabefffefbd052781a6f64c10517b4279f7c32b4002887238f3cd2060d1a146a00b28610a44008412a5f258620bffcf28badb9e69a76e38d37861634c737df7c93dc66346ddab4d00200853170e040ebd7af5fa815dea5975e6a4b2fbdb4bdf4d24ba10540b9dc79e79db6fdf6db871a80ac210401824addaf74fb94ba3ebffdf6dba105cdb1e79e7bdab061c3420d000a4301c584091342adb0f4248a76edda95ecb1bb00eaa72f55e699679e504316e9cb6b9dfbc7c5c7676c2abe14af1c84204050c9fb956ee3d8628b2d420dcd3166cc98e4e90d00502823468c48c6202b8633ce382339719f3c7972680190058c0b926d0a2be23118253d2e63631182540e421020a8f4fd6aafbdf6b2638e3926d4d01c2baeb862f2041e0028844e9d3ad9a851a342ad704e38e18424b4fdf2cb2f430b80acd0b820e79f7f7ea8216b728520ea05b2c71e7b240fcf10851aba3e5089c30d8525deee4f07d5f45cf3229b084180a0d2f72b0db6a7eed07a32009a47f7eeebe405009aebd9679fb595565a29d40aa77ffffeb6d5565b1575a055004da77141b6db6ebb5043d6e40a41e236bdf78043e1887adc29fc505d4189df36a3f93cf4a02748e5a8f810443b9a7638a0b9aa215c7bf4d1476dbef9e6b3f7df7f3fb4a029264d9a640b2db450a80140d3f5e9d3a7e0df06f7eddbd7ba77ef6ebffdf65b680190351a1764eeb9e70e35648dae2175ee1f170f3d241d68a8ae920e416284209583100408e2fdaa92e9916c5dba74093534d5b6db6e6b23478e0c350068bcafbefaca5ab468915c0c158a6e7ddc7df7dd430d4096adbffefa496f30648fae21eb1aff436d9a16071af135a7f70cd1b543bc0e4290ca515521880f663360c08099699eda7c274defc86a53894702f69d5eed4af954b48ef434156f4775d0efb45aecbaebae76d24927851a9a42018882100068aa73cf3dd70e3ae8a0506bbe9e3d7bda7efbed176a00b2eea8a38e625c908cd2b5601c60a4a5030dd5fd9a33165f8ba6974176555d08e2e1840716dead496db9de4bbc53c7ff21e2f5493c9fdae2f00495af9a4210eddbcb2db79cdd75d75da1054da15b62746b0c0034c50a2bac60cf3fff7ca8359dce49ba76ed6a871e7a6868015009741ec6b820d9145ff3e5a2e97ebde83d3f74fda7f7f1e0a99a4f45749de8ef916d551782a4c30ddf11d33b6cccd7e1c189871e715dcb69ddb9a6a13a545308220f3ef8a02dbae8a23665ca94d082c6d2e0a81a2415001aebb6db6eb3ce9d3b875ad3e9fc63f3cd37b7638f3d36b400a814faffcbb820d9a4ebbffa4210d1f5a1ae0f54e27043efbd3d5e87b7c7f3229baa2e048977c4ba42100f307ce755d1bcf5051d3e2d5e46859dbc7ae8f7596db45f6fbffdf6a186c6d26372f5b85c0068acadb7debad9e30a29c4de60830decd4534f0d2d002a8dfe0f3ff3cc33a106200b6a3204515b3ab5d3bc71e821e91044cb6b3da84ed51882c80e3bec406f8666e8d0a1838d193326d400a0613aaf5a76d96543ad69264e9c68abadb65a32ae0880ca75f4d147db79e79d176a00b2a0e64310efe1e1eb88a7697dfa2c0f45348fcfa7f5f9bd61a80ed51a827cf6d967b6c4124bd8fdf7df1f5ad018c3860db33df7dc33d400a0611abbc3cf179ae295575eb1b66ddbda902143420b804a75f7dd776772a0759df75228c52895a02643100f3eb41ebd8e1e3d7ae6722a7aaf697aca8cde7bd0114f53f175a33ac4fb55b5b9e79e7b6ce9a5974e1ed788c699366d9acd3aebac057dc42580eaa5bf19b3cf3e7b124037851ea7a9f19c860f1f1e5a0054b2a953a75a9b366d422d3baaf9bc17e55329fb55c58720c5a4e044a3b1730b4c6da8f68381ee29df69a79d420d8dd1bb776fbbf8e28b430d00ea76d14517257f339a62dcb871c9208a23468c082d00aa4116c705210441311082145131ff71d57b44ebf7c2ed2eb5a352fed336877a3e717f79e38d1d3bd636dc70c3500380baadbaeaaaf6e4934f865afeeebdf75e9b6db6d9ecce3bef0c2d00aa85c605c9daf9577cdeabdeedf1f58f8ace19d57bbeb9060f1e3cf30b655d67f97a7d6881f4e772ed55d9f43bac04842040500bfbd5e4c9936dc10517b4471e7924b4205fbab051377500a88beefdefd8b163a8e54f8fd36dd5aa953df0c003a1054035d1df866db6d926d4b2213eef5508a240c2c30a0f289a33b691a4d79b2b04898717f0308620a47211821491fe71299462945a70fbedb7278f7dd57debc8dfd9679f6d871d7658a801c05f75efdeddaebffefa50cb8fe69f7ffef9edf1c71f0f2d00aa8dc605996baeb9422d1be2f3de7458217160211e50a8a47b89c43de97d9c450519dea6a27a4321888fbfe8eb40e5d1efba1254640802a07934e86faf5ebd420df9f8e8a38f6cde79e7b5193366841600f83f6fbcf1862dbef8e2a1969fcb2ebbcc965c72497be18517420b806aa5db6ab3d4c321be586d280489a7a7830a0f3bf49a0e36d2eb6d28049174f882ca42080220d33a77ee9c0ce087fcf5e8d1c36eb8e186500380ff73e49147da29a79c126a0dd3dfdf95565a29094f0054bf638e392653e382d417827840a1402257ef8c38f8f0f75e8f1182d41e421000993671e2c4e429044f3cf144684143742b51972e5d420d00fe4717067a04a6c65dca874ef2d75a6b2dfbe0830f420b806a377af4e84c8d0b920e413cc8f0e2a187c2088512fabbe5e210c4439278590f4308416a8f7eff95801004a8613af0acb6da6a33937d344cdddddf7efbed500300b3a14387da1e7bec116af53be9a493ac7dfbf6f6f9e79f871600b540d75c591a1724be584d8715310f39eaea0912f330c5438cc68620b93e0b9585100440455017eedebd7b871a1a72dc71c7d9c9279f1c6a0060c989fcb871e342ad6efa7bab5b1119981aa84d1b6db4913df5d453a1565ef98620124f4f0715f94e93864290bac215540e4210001563d34d37b54b2fbd34d4509f575e79c5965d76d9500350ebc68c19935cd834e4a0830eb2edb6dbce7efdf5d7d002a0d61c7becb176ce39e7845a7935260411cda36554d23d35146ef8b4783d1e74a85dcbe70a417c392f0420954dbfc34a400802c05e7ffd759b7df6d9edf9e79f0f2da8cfe69b6f9edcdb0b003befbcb35d79e595a196db3efbec63bbeeba6ba801a855f7dc734f12026441a55caca2b2108200a828d75e7badadbbeeba3c02360fc3870fe782064032c0f4820b2e58efdf4d8524dc720840fefdef7f5bebd6ad43adbcfc62f58c33ce48de67ad0c1c3830d93e5416fdee2a01210880990e39e4103bf0c003430d75f9f1c71fad55ab560c6c08d4b80103062425979f7ffe39791284ba8d0380cbcab8209572b18aca420802a0226db8e186494f07d4af6fdfbe76e18517861a805aa3de1fea05a2de20693ab7ead4a9931d7df4d1a10500fe47e3829c7df6d9a1563e8420280642100015497f0f5ab4686113264c082dc8e5b1c71e4b06f402509b340e886e7549fbf4d34f936f7a798a14805c342e48d7ae5d43ad7c0841500c8420002ad615575c611b6fbc71a8a12e6badb5963df1c413a106a09628e8d093616293264db235d6582313dff202c8268d0b32e79c73865af91082a01808410054b43e7dfa58bf7efd420db90c1a342879ec2580da326edcb8bff4047bedb5d76c851556b0c18307871600c84d5f343df9e493a1561ef1c5aa1e5f9b7eecad1e63bbc71e7bd4fbd8dcc6d0baf519fa2c7fcfe370ab0f2108808af6ebafbf263d1d6eb8e186d082b4cf3efb2c19e5fda79f7e0a2d006a812e0c860e1d1a6a963c5e7cf1c5174f7ad10140438e3beeb8b2f7182b670882ea450802a0e23df3cc334997cd37df7c33b4206d975d76b1abafbe3ad40054bbc993275b9b366d665e2c3cfae8a336efbcf3da8d37de98d401a021f7de7b6fd9c705696c08e221869653897b7168796f572fb93838f9c73ffe91b46b5d2ae99e202a3e2dbd7cfc993e0fbd47b24dbfab4a400802a05e43860cb1cd36db2cd49076d75d77254f8100501b4e39e5143bf2c82393f7f7df7fbfcd3efbec366ad4a8a40e00f998366d5ad9c705892f56f309411466a88882080f2bf4be5bb76ec9fc12cfa7f5fa34cdab65728520da16bd7a7bbcbc6f573c1fb28b100440d5d8679f7d78d4633d96596699643c0000d54fb7bdbcf1c61b49f0a100444108003456fbf6edcb3ab87a3a04513d5d3ce85088a130c3038838c448d3ba3cc4d0abeaceebe910240e517cf9f467d4f799c80eed37958010044083a64f9f6eabacb28add7cf3cda105b1134f3cd1060c18106a00aad5f5d75f6fddbb774f6e7dd12d30ba1506009a42e70d679d7556a8955e7cb1aae0c17b5cb8b8278887207140a212071a717b1c62e41382c49fed214863821764877eff95801004405e1e7becb1e4a45f8f80c49f69cc9425965822d40054ab8e1d3bda21871c92f406d160a800d054f7dd779f6dbdf5d6a1567af1c56a3e21487c6b4c2cbdac8718e2a1876b4c08920e3dd2756413210880aa73c10517d8565b6d156a886db9e5968c0b0054313dce72d145174d1e83cbed6f009aebbbefbeb356ad5a855ae93526041105131e6ea84db7ca28908897f5de1b3e9fa6fbad2ebe4cbe2188bff7699a4fdbac576417210880aab4db6ebb25b77fe0cfaebbee3aebd9b367a801a836ebadb75ed20384de70000aa59ce382343604f1e042cba96819f1e0436d7a1d3d7af49fd6a540c3a70d1e3cb8512148fc99ba7dc8974176e977550908410034cad4a953ad6ddbb676e79d778616c8afbffe6a73cf3db77dfcf1c7a10540b538e28823ac458b16f6ce3bef841600683e5dd8fb057fa955cac5aa5318a3c70a7b28836c22040150b51e7ae8215b649145b8e04fd15801e79e7b6ea801a8067a329682df3e7dfa841600280c8d0bd2a54b97502bad4ab858f55e245ee805927d842000aa9a4634df76db6d430da283f3eaabaf1e6a002a9dba5e6fb3cd36c963b039570250681a17648e39e6b03ffef823b4944ea55caca2b2108200a87a3beeb8a39d7efae9a106597ffdf56ddcb871a106a052f5eedddb76de79671b397264599fe000a0ba6db2c926f6f8e38f875ae91082a01808410054bd2fbef8c2965c72c9a43b27fe47837eedbffffea106a012edbaebaeb6cf3efb24ef3b77ee6cb7dd765bf21e000aedf8e38f2fcbb8208420280642100035e1de7befb5a5965acabefcf2cbd052dbbefaea2b6bd9b2a57dfffdf7a10540a5d000c7db6db79d1d74d04149fdf9e79f4f1e890b00c572fffdf797655c10421014032108809a71da69a7f178d8881e2977f9e597871a804a306ddab4a4d7c791471e195a2c094318ec184031e94b138d0bf2fbefbf8796d2882f56f5585ad5e3123fb6b698d28fc8ad8b7acbf86379e3f7c89678bfca3242100005a1c103cf39e79c50ab6dba3d68d34d370d350059f7f9e79f5bfbf6ededa4934e0a2d66df7cf34df2585cf5ee028062ead0a1833df6d863a1561af1c5aa02857410a1a0a15441483e083e2a032108809af2d1471fd9420b2d640f3ffc7068a96dea42cfdf5620fb3ef8e0035b6badb5fe724ffef9e79fcf63710194c409279c60679e7966a895464321c8b7df7e6bddba759bf9585a4dd33c5a4ea5aef638a878f7dd776d9d75d649da7dfd5aae6bd7ae49bbdac68f1f3f739afe0e6b6c357dae96f1bfcb5a67bcfe3810a96bbbf4aa9eb92a6ad7e7697b505cfab7ae048420000a66d4a851b6fcf2cb9bfeaed43add2274d45147851a802c7ae38d376ca59556b28b2eba28b4fc1fb53ffbecb3a10600c53366cc18db6aabad42ad34e28bd55c2188c46183de7b28a180c143050f2544c189d6a3571505101e3cf8bae26545f53804f169e910c697cff5de978fd7adf71e8a7850a279515c8420006a92becdd87df7dd43ad764d9c38d116596491500390352fbcf042f274abcb2ebb2cb4fc1f05ba9d3a750a350028ae1f7ef8c1669f7df6928e0bd29810a4ae5e21aa6b7aae7041d372ad53ed5a97d6e9759f4feb89d715afdbb7257e1f6f87785dd3d29f53d776a2b0084100d4ac2db7dcd22ebcf0c250ab5d3af8de7cf3cda106202b1e7ffc719b7ffef9edfaebaf0f2d7fa6ffbb23468c08350028be528f0bd2500812070a1e826899b8689a285cf0360f2472ad53e2d0235d8f830ed17b0f2ee269fe3e1dce884f4b7f4ebc2e148ff6814a300b210880427befbdf76c9e79e6492e346a992ea2b6df7efb500390050f3cf080b56ad5ca6ebbedb6d0f26713264cb0a5975e3ad400a034d493f68c33ce08b5e28b2f561510a4038b3860d0fbf8d696bac4f3a54308976e8feb0a29e2a022aeeb351d8268192dab7588d70941ca871004404d1b3972a4adbaeaaaf6e38f3f8696dab4c0020b24032f0228bf3befbcd3669b6d36bbf7de7b43cb5ff5ebd7cf060e1c186a00501a1a17443d694ba5a110448141dca6ba87080a3934f68682060f2444218896d1abe6d100a81e9cf8f20d85200a5eb4bc4adccb23fe9cf47b5f5ef3c66382c49f4308521a8420006a9e0606dd77df7d43ad36f5efdfbfe423be03f82bf5cc9a7beeb96ddcb871a1e5afbefffefba497c8942953420b009486c60569d9b2a5cd983123b414573a04513d2e7180207aaf369f1e071ff1ad321e5a88de7b7b1c54c4eb8eeb0a29060c18900419f167886fa387193e2dbd5dfef9e9cff1e5505cfa1d5482590841001453c78e1d6de8d0a1a1567b34f8e2ca2baf1c6a00ca61f8f0e1b6e8a28b36f8b4173d9a719f7df609350028ad4d37ddd41e7df4d1502bae2c5eacc6e1062a13210800fc971e4139c71c73d4f4a326dbb76f6f0f3ef860a80128a521438658dbb66ded95575e092d755b7df5d56b7e2c2300e573e28927966c5c104210140321080004d75d779dadbdf6daf6db6fbf8596da72e9a597dade7bef1d6a004ae5dc73cfb5d5565b2d79647543eeb9e79ee4e90c00502e1ab8b954e38254cac52a2a0b210800440e3bec30ebdbb76fa8d516fd9d6dd1a2854d9d3a35b40028b6534f3dd536d86083bcc7f7e8d1a3875d7bedb5a10600a5377dfaf4645c90527c694408826220040180948d36dac8aebcf2ca50ab2d1a20f6924b2e093500c574ecb1c7dae69b6f9e0cd8978fb7de7a2b19330400ca4d63a98d1f3f3ed48a871004c540080200292fbffc72f2c751afb5e6a1871e4a422000c575e8a187268f65f42702e4e3e8a38fb6934e3a29d400a07cf4b7a8148fe926044131108200400eea0952ab6140bb76edecb9e79e0b350085b6df7efb59cf9e3d432d3f3ffffcb3cd33cf3cf6c1071f841600281f0da4deb973e7502b1ebf587df7dd77673e92365d18a4148da5fda61210820028398d0da231426a8d463defd7af5fa8a110ea3a796bca895b7346a5d776ecb1c71e79df7e81c2db7df7dd6dafbdf60ab5fc0d1b362c591600b2e0c71f7fb4d9669bade8e382e4ba58d531f0ef7fff7ba37ad201b15cfb551611820028391dd8f5b4183d35a6967cf8e18736fffcf3dbefbfff1e5ad05c0a1f74eb835e9d82080512715bb11182948ffe9e74efdebdc9032fafb7de7a3676ecd8500380f22bc5b820f984207a55ddbf6088a7e978d7ad5bb799eda53eee229b084100a01ecf3efbaccd31c71cf6c61b6f8496daa08bb59b6eba29d4d05cb942103f697bfae9a793a2e9ea2de2276f6acb754217f704499ff86919a7cff2de279ae7d34f3f9d7922a8578290d2f9fefbef6dabadb6b2fefdfb8796c6d1583d7a820c00644929c605d1312b2d1d82e8b8a8221e7af8f1309ea6e5745c240441aefd2a8b08410094cdd0a143936f3b6ac9adb7de9a5c94a330728520719b4ed6e21333bdaaae760f3afc244eaf1e82c42777f13ad2bd4c7c19d5e909525a5f7ef9a575e8d0c14e38e184d0d278bbeebaab5d7ef9e5a10600d9a07141fef6b7bf855a71e41382c4fc98a96362fa5898aea376118200401ef4e8d8a38e3a2ad46a831ec5c9894261e8dfd17b65c4c5bfa9d26bdc3b43f5f8042f9eee8186dec7df76c5277ee9e51d2148694d9e3c39f9bd9f71c619a1a5f1264d9a94dc9ef6ebafbf861600c8068d0b32ebacb316f5ef53ae8bd5740892eb18abe3a0dae32f200841e072ed5759440802a0ac74a05f75d5556de4c891a1a5fa1d73cc3176eaa9a7861a9a237d2296960e2d729de07978910e41e2933e154d4b2fefe2f5a0b8de7aebade4494b175c704168691af52039f6d863430d00b265b3cd36b371e3c6855ae1e5ba588d8f712a7aaf36f1ba8eabe9d08310042ed77e9545842000caeef1c71f4f1e51f9de7bef8596ea3661c2046bdbb66da8a13974c2d5981024573d574f90ba4ee6d2cb3bcd4b08527c2fbdf4922dbdf4d276e9a5978696a6f9e38f3f6ce18517b677de7927b40040b69c7cf2c976fae9a7875ae1353604d1f14fcbe85574cc5411cde3b78da2b611820040235c78e185b6e5965b865af5d3373cf7de7b6fa8a1a91a1b82683e9da8a9dd4ff0fc24ce43107fefedf132e9cff3f954270429ae279f7cd2165c7041bbf6da6b434bd35d7df5d5d6b367cf500380ecd1c0cdc51c17a4a110443cf850f1e39d1f2775bcf35e9383070fa6270812842000d048bbefbe7bb30639ac24575c7145f2f3a279d2a1445a3a0491f8a42e9e169fdc7940e2f379bbe45ade4f06bd57090a4b1703ad5bb7b65b6eb925b4344ffbf6ededbefbee0b3500c81e1d5b342ec82fbffc125a0a4bc7b042d17191e31fa490fb5531118200c80cfd3d5a7ef9e56dd4a851a1a57afdf0c30fc92382f5840b64431c82203beebaeb2e6bd1a2858d1e3d3ab434cfa38f3e6a6badb556a8014076a9d7e8238f3c126a85d59c8bd5f41705dc0a03470802004df0f0c30fdb420b2d641f7df45168a95e071c70805d74d145a18672a117477669c0e4366ddad8d8b163434bf3edb5d75e3664c890500380ec3ae59453ecb4d34e0bb5c2aa948b55541642100068a273ce39c7b6d9669b50ab5ee3c78fb775d75d37d40acfbfa1a1500a5d4a41e37668f05275b32e948f3ffe38b9ad66faf4e9a10500b24b5f0c75ead429d40aab547fcb515b2a65bf22040190491ab4b058df7e64c91a6bac910cf8580c3a10ddfedf570aa590a514273843870eb565975dd65e7ef9e5d05218fa9bd2bf7fff5003806cfbe9a79f92db018b312e0821088a811004009a4163652cb5d45255ff0495f3ce3b2fb9afb6390e3cf0406bd7ae5da8fd1f42104a314afa0447fb5edfbe7d43adf9ce3fff7c5b6595558af2f8da25975cd25e7df5d5500380ecdb7cf3cd8b322e0821088a811004009a494f6fd045cb175f7c115aaacf94295392310f7efef9e7d0d27803070eb456ad5ad90e3bec105afe270e41faffeb5f493d2eeb74eb66d77efbed9f2e70f32dbdfef18f662daff2affffc27598fd6a1f75bfffdef49d1fb426f2fa57045bf0ba77d4efb9ef6c14238fdf4d36dbdf5d64b6e5b29b41b6fbcd1b6db6ebb500380ca50ac7141e2bfe5e947e38ac6c82ae4636fb59ef851f21a8c3c3ec6aba80d952ddeafb28c100440a6e9a268c71d770cb5eab4d34e3bd9b5d75e1b6a8da70b501d74e699679e3f05216af30b57850acbadb38e0df9ef4988ea7a555d2184cf53ea120729b94290787b7d3a4148f98b9fe0685fd33ea77a21429001030658c78e1dedebafbf0e2d85a56f53efbcf3ce500380caa07141b6d8628b502b9cf862b55c21481c7af813678a1184686c29fd8c2afab9bde8f33efdf4d3e433fd67f7ed1c33660c4f8c6b8278bfca3242100099b7edb6dbda59679d156ad54717669d3b770eb5c6f31044250e4254f70bd774a8a0128710fe5e4183963bebbf270c3e8fafdb038af4b2befe5cf3d5b58e787e6dd785afbe9a4c8ba7a7b7d7831b4df3364ae98b7e677100a2d2dc10a45fbf7ed6a54b97a20d58aa13e05cb78c0140d6695c10fd9d6d4e8fd15cb44e974f08a2bfa3fe373f7e9a9a87173ecd07b3d66bd7ae5d93c7e76aba6e45ac2f04117d96962954f022dabee1c38727affa397dfb9cb6c74390f8bd5c75d55533b717f989f7ab2c2304019079ea1abfc8228bd8430f3d145aaa8fc63f79e38d3742ad71e21044c58310bdf70bd77c4210cdefe1477aba8adeab2d3d4dcbf8b2e9f9f4b93e5f3ac488d7e13d3dea0b41d2eba694a7f83ea6572fcd0941f4a8e81e3d7ad81f7ffc115a0a6ffffdf7b70b2eb820d400a0b2a82748211f152efadbed1a0a41e2f7a2f9bd97441c66286050e8a1f9e2f7a2d78642107dbeb6231d543487d6e5db5a5f0812bfba7859e427deafb28c10044045506f89b66ddbdad4a953434b7539e18413fe745159a8e217aee950c103895ca186eab90287781df1fce96555579871dd7f7f577a8dd7119778394290ca28c7df775fcefdac394527c5c5a43185669b6db6aafddb01a0fa9d7aeaa939ff7e36b7385de8372604716a57af100f16e2104325ee3152ae10240e3ef43efef9d5aeedd176e896ccf4bf81b679f0e0c1a1867cc4fb5596118200a818279e78a2edb6db6ea106976f4f90781e150f1c343d1d647848a2e5e275a443902b3efd34594f7add9a76c97befd51b5a10825466d1efb7903d418aedecb3cf4e4e6c0100ff477fbb5d432188e8553d3bb49ccfeb21487c3c50f1e0215e673e2188afaf902188420cff19e240c4c59fa9e92a4ed3b48df1bf0beaa7df7f252004015051b6da6a2bbab5a7c421880720a2ba5fb8e60a15e2920e4172050eb94210cd975ed64b3ad888a7a9c4cbe51382e8bdda342d5e0fa5b445fb55a1c7042926f5207bf1c517430d0020fadbedd281852838a86b7c0e05050a071412e4ea21224d0941eafbcca68a838fba429038e8d07b9f47db414f90c689f7ab2c2304015051264d9a64f3ce3baf3df6d863a1051e82c40188a8cd2f5c1b1b82a4db54f45e6de9690d8d09e29f5bdf3af20941e2f9bd8d52fae22738711092d510e4965b6e49825300c09ff9df72d1c5be7a79c40181c2000f31d20146dc63220e33e2f5a8342604d17c9a3f6e2b046d876f6b3e2188ea1eecc4cb223ff17e95658420002acecd37df6cabacb24ad19e2451697401daaa55ab3f0520a203915fb8362504f176ad47c5c38b5cf36bfd3e5fbae747bc8e789a87272aa78f1fff9710c4a7792100c946d1efc2699fd3be97d510440188821000c09fc57fcbc5030c3fe6a67b86280cc835cdc30b9fe6a1413e21882fe3a5d00188e8f3fde9308dc5d3611a4fbfc74a400802a0221d7df4d1b6cf3efb845a6d3bfcf0c3733efe5307a25c17b1852875852694ea2fe9131ced7bfdfbf70fb5ecd02d30ba150600f0579572b15a084de9d1412f90a62104018022db6cb3cd6cc89021a186340f41763be38ce47d35950b5f7bed2f17e794d214fdfb57027d03a9415101007f55297fcb51592a65bf22040150b1de7cf34d9b73ce39ed99679e092d88e94094eb229642694ea984131c9ddbe8b1b87a3c2e00e0af0841500c842000500237dc7083adb5d65af6ebafbf86163842104a314a259ce0e80952fbefbf7fa80100d2f4b79c422946a9048420002a5ebf7efdac4f9f3ea106a70351ae8b580aa539a5124e70344e49fa0900000000420802a02a6cbcf1c676c51557841a841084528c92f510e4ce3befb4cd37df3cd4000000fe8c1004405598306182b568d182bf67913804c9f5c8d9fa1e995b57d1e36bf5185b3dde36d7f4868ab6434f96f1f5a4b74945edfec85c7f5cae3f9e579febede975534a53f43bcab2edb6dbce6ebcf1c650030000f8334210005543cf81df70c30d430dba58f50b570509e9f0a01c81421c68785110b34ed7ae7506328420d92a590e415e7bed355b72c925430d0000e0af0841005495030f3cd00e39e49050ab6d0d85200a1d3aeeb1875dfbedb749c8b069af5ec9329a57d3d5a67adca6e5b51eef09a2579f27bd7e2d132f1fcf1b0721b942100f3bd423245e261d82e4da464a718bfeadb3aa7ffffe76da69a7851a0000c05f118200a82a3366ccb075d75dd7aebdf6dad052bb74b1ea17ae0a08728514dea630219eae69eb74eb9604240a2774eb8c02084dd77c7a1f8717deeee1461c56681d0a5b349fd61b07202af17abc2d5e3e5e26ddeeefb5ac6fa3af83529c92d51064faf4e9d6ba756bfbf8e38f430b0000c05f118200a83acf3fffbccd3efbecf6faebaf8796da940e41548f8b871c9aae90210e27f45ecbc475150f3b1436c42184e689038af4f25ed4167f8e4a534290eba64e4d5ed3db98eb3329852dda77b268c89021b6d75e7b851a0000406e842000aad2a5975e6a9b6eba69a8d5265dacfa85abc28138b048973840f0a0230e14f45ef3f8340f41e2504545c1ca159f7efa97e5d3eb89db9a1382a43f3fbd6e4ae18bfe9db368cd35d7b4471f7d34d40000007223040150b57af7ee6d471e7964a8d51e5dacfa85ab82040f15e20b5a2f710852575d251d82d4153aa497f7926b99e68420aafb3294d2942c8620f7dd779fb56fdf3ed4000000ea460802a06afde7bf17d0abadb69afdebbf17d1b5a8392188de37664c105f471c5cf87bad43ebd23271a0e1a52921485d9fa1365f07a538258b2148cf9e3dedaaabae0a35000080ba118200a86a4f3cf184cd3df7dc3671e2c4d0523b9a1382789bd6a1e2d3b4bcd6a3304275bdfa3cf11823752deff3c74148432148bc4cdcaef9e2cf88d749295ed1bf7596bcf3ce3bb6f0c20bdb1f7ffc115a000000ea460802a0ea5d74d145d6b973e750ab1dba58cd7511db9c920e4128b557b216821c7becb176c20927841a000040fd084100d4845ebd7ad980010342ad36143a04514f0ddd16535f8f124af5972c8520bffefaabcd37df7c3669d2a4d0020000503f4210003561dab469b6e28a2bdaedb7eb32ae3614a327088592a510e4f2cb2fb75d77dd35d40000001a460802a0663cf2c823b6e0820bdae4c993434b752304a114a3642904d960830deca1871e0a3500008086118200a829e79e7bae75ebd62dd4aa1b2108a518252b21c8d8b1636dbdf5d60b35000080fc108200a8393bedb4939d7aeaa9a156bd084128c52859094176df7d771b366c58a8010000e487100440cdf9eaabaf6ce9a597b67beeb927b454a73804f1414dd5163fd9458fae4d3f1a57458fbad5236f35bf4aa90643cdf7e933dae6c63e12d7d79debe7a5e45fb210827cf0c10736efbcf3dacf3fff1c5a000000f2430802a026dd7ffffdb6c4124bd8679f7d165aaa4f1c82283050b0a030a4c780014920a0a043a1805ee38b5c0f40e2b040ef4b1184108264bf64210439e9a493ece8a38f0e35000080fc118200a85903070eb41d76d821d4aa8f8720baf857f0a100240e3e1406e40a0472051ee97042af5abf4a3caf8289fd060f9ed98b4475ad4fefd51345db50d77cf97e4edce6cbd5b53dfe596aefb8c71e492104695ed1bf65b92dbae8a2f6d65b6f851a000040fe084100d4b4edb7dfdefef1df8be46aa48b55bf705510a0a0c07b825c31654ad21687052a1e42d41714f8ad355a9fcfef61845e156c2864f1f9e269f17b0f45bce749bc3edfd675ba764d5ed39fa3edf3f70dcd97de1e4290e695728720d75e7badf5e8d123d40000001a871004404d9b32654af2adf2830f3e185aaa471c827800e0c1834202050d7ad57c0a0e1420c421447ce11b174df3f9bdee4183d6e70184eaea79a1cf533d0e2ee2f9e269f1e7ab2dfd395e8fd755df7c9a47d3fd73d2754ae34bb943900e1d3a54fd783e0000a078084100d4bcbbeebacb965b6e39fbf6bf17edd5240e41e2a25042bd412e78e59599e383281c5078a0f70a10ea0b0ad2a183d6a7b0c343105fb6a11024fe0c9fe69fef21887e86b878d812afabaef9aef8f4d3bffc2ce9cfa534bee8dfb75c1e7ffc715b638d35420d0000a0f1084100e0bf34d0e2aebbee1a6ad54117abb92e6215042864508983040f07f41a871cb9968ba7ab1ef704f1f534a62788d7d321483c4f5ce269f5cda776df9e5c754ae34b3943907df6d9c7060f1e1c6a0000008d4708020041972e5d6cd0a041a156f9728520de0b446143fc5ee1808207cda3f042a1461c16e8bd071d5a4eb7d5687e0f2d3c848843868642105f9f7f5ebc3ebdd7723ed6872fe3e14bbcaefae6d37ad2db1dff5c94c697728520ba75ad55ab56f6fdf7df8716000080c623040180e0fdf7dfb7f9e69bcf1e7df4d1d052d9d221481c30789b0203cde78182170f26344dc583049fae75f8340f1cd4aef5e41b8228805128a175f832e96d8c3f27de066ff7f5d5359f8ae6f1763d918610a47945ff96e570c6196758bf7efd420d0000a0690841002072cb2db758bb76edaae2db665dace6ba88cd4289c3124a65957285204b2fbdb44d983021d40000009a86100400528e39e618db6bafbd42ad721182508a51ca11828c1831c2b6d9669b50030000683a421000c8618b2db6b08b2fbe38d42a539643104ae5967284209d3a75b251a346851a000040d3118200400e6fbffdb6b56eddda9e7efae9d05279084128c528a50e419e7df6595b69a595420d0000a079084100a00e37de78a3adb9e69af6cb2fbf8496ca4208422946297508d2a74f1f3bfffcf3430d0000a079084100a01e871f7eb81d70c001a15659084128c528a50c41befaea2b6bd1a2857df3cd37a1050000a079084100a001eddbb7b7cb2fbf3cd42a471c82681052d5e3123fdab610c51f6fabcf8a1f75ab52e8cfa294af68df299573cf3dd70e3ae8a050030000683e42100068c02bafbc62b3ce3aabbdf8e28ba1a532e862d52f5c154ca483083da1a590e1445d2148ae7929955b4a1982acb0c20af6fcf3cf871a000040f3118200401eaebaea2a5b7ffdf543ad323414825cfbedb7b64eb76e33830a0f2eb49c4a1c60c43d49965b671d1bf2eebb33a7294c517bc73df6484a7d3d41346f8f010392756899789beafb7c4a768a7e37a570db6db759e7ce9d430d0000a030084100204f071f7cb0fdfdbf17e9954217ab7ee19a2b04515128a169fe5e45ef154078d8a1f70a4b149aa4e7d3b23e4df36a99864290f4fc1e76d4f5f9aa53b2534a15826cbdf5d63672e4c850030000280c421000c8d31f7ffc61ebadb79e5d73cd35a125db1a1382d4d52bc4eb71d1fc1e56f8f23ecdebf58520be6c3c4f633e9f52de528a1044e725cb2ebb6ca8010000140e21080034c20b2fbc602d5bb6b4d75e7b2db46457432188070d7108a265e212071a71bb828c78795f673e2188cf1fcf53dfe7fbba29d928fabd14dba1871e6afff8efbe0200005068842000d048c3860db30e1d3a845a76e962d52f5c15267810e16d71ef0bbdd7781eb96e3f492fabbaf7e688438db8de9410a4aecfa764ab143b0499366d9acd3efbecf6d9679f8516000080c22104018026d86fbffdec88238e08b56c6a2804512011b7a9aea2f7f1781df1b21e9cf87c9aaebada7d99a68420f57dbeea94ec94628720175d7491f5eedd3bd40000000a8b1004009ae0a79f7eb2d5575fdd468c18115ab2271d82a81e97380051f150c2a77b58e1c187daf43a60f4e83f2dabe0c2a7ed377870934390ba3e9f92ada2df4d31adbaeaaaf6e4934f861a000040611182004013e942ad4d9b36f6ce3bef84966cd1c56aae8b580aa539a59821c8dd77df6d1d3b760c35000080c22304018066f8e73fff699d3a750ab56c2104a114a3143304e9debdbb5d7ffdf5a10600005078842000d04c7beeb9a71d77dc71a1961d84209462946285206fbcf1862dbef8e2a1060000501c842000d04cdf7df79dadb4d24a76db6db785966c2004a114a3142b0439f2c823ed94534e0935000080e2200401800218376e9c2db0c002f6e1871f8696f22304a114a3142304f9cf7ffe938caf3379f2e4d0020000501c8420005020e79d779e75edda35d4ca8f1084528c528c1064e8d0a1b6c71e7b841a000040f11082004001edbcf3ce99e9d29f0e41d28fa0d5236df5f8db785afa91b6f1f2f99621efbe6b1dff7b41ebeb8e1f8bab57ff7c2fcdf92c4ae98b7e6785b6ce3aeb24bda90000008a8d1004000ae8ebafbfb66596592679d467b9e962d52f5c3de45020e16d0a3b3c088943109fded4d25008920e3d34bd184188d6a7755ff2de7bc9cf19072ffa39b52df1cfab790fbdeebae4d5b79df2d752e810e481071eb08d36da28d40000008a8b1004000a6ccc9831b6d8628bd9a79f7e1a5aca230e41e2c023bea0f580220e4154e25042f37878e06186cf1f4ff3f0c00307ff3cff0c2d972b04f165e240a210c57f16df86f83355e210247eaf1067c0e8d17f9a97f27f45bfdb4252efa92bafbc32d40000008a8b1004008ae0cc33cfb4eeddbb875a79e862d52f5c1502a8c417b371a92b0489430b8503cbadb34e32dde7f7696ad334cdd3d89e20e9790a51b47ead53dbd05008a2127f76bc6c3c3fe57fa59021c8c489136dc10517b41933668416000080e222040180225108a230a45cd221487d21832efc154e7828a0f7d74d9d9abcc6cbf97a7c7e9fa6c040c14756429038f8d0fbf87618ff7c7ddec1c387cf0c76e2e5f71b3c38f939e236caff8aff3b16aa0c1830e0bf6b050000280d4210002812dd0ea3db6234e64139e802d32f5c1508a8c417b371a92f04495fb47ab8e0f36bf9e68420beae428620da0605197a1f0722f13cbe2d574c9992bcfaf6fab4743042f95fd13e00000050a9084100a0883440eab2cb2e6bdf7cf34d68291d5dacfa85ab2ee8738d09a28b7d95fa42905c6140214310cd57e83141b44e0f3ee2f7f13c71d0a16dee3160c0cc79e80952772104010000958c1004008aece4934fb65d76d925d44a270e413cb45018e06d0a007c1c0f9fae36150f2ae2d0c2c38a7468a275695a5343104d4fb735b7685d5aafb6219f10c4eb3e9f2f1bcf4ff95f2104010000958c1004004a60ebadb7b6f3cf3f3fd44a230e41547471afb041ed2a1e80c4d3d22188a62910f065f43e3dbfea7108a2f70a4bbce789968943105f97974207205efc67c935adbea29f81a7c3d45df43b030000a85484200050021f7cf081cd3ffffc366edcb8d0527cba58cd75115b2b45c14a637b743465995a2b84200000a0921182004089dc76db6db6d24a2bd977df7d175a8aabd643104a710a21080000a8648420005042c71d779cedb9e79ea1565c84209462144210000050c9084100a0c43a75ea6483070f0eb5e22104a114a310820000804a4608020025f6ce3befd85c73cd654f3df55468290e42104a310a21080000a864842000500637dd7493adb1c61af6f3cf3f8796c22304a114a310820000804a4608020065d2bf7f7fdb7ffffd43adf0d22148faf1b4fed8da4294f423731b5bb42dfef85d3da2568fef8db7357e9c2fa5bc45bf0f0000804a4508020065b4c9269bd8b061c342adb074b1ea17ae0a19d6e9d66de6a35ff5aa7a218390e6947408b24ed7ae7f0a3d14ae142b08d96ff060bbf0d5579310270e5eb44dfadcf8dfc8b753cbd46a2843080200002a1921080094d1abffbdf86ed9b2a5bdf0c20ba1a570e2104417ee1e3278d105bd2efcd58bc3e7890300b5790f8f4d7bf54ada0fbae28a3f2da320a0e31e7bd8159f7efaa79e206af7de1cf1fc9aee9f11b77bb8e0cba64310955c3f43738b3e63c0e8d1c97668dd1e1279894390f8bde6fbfb5557fd69de5a29fadd010000542a42100028b36baeb9c6d65b6f3dfbe38f3f424b61e862d52f5c3d7c888387b8c4818807185a4675b57bf8a08b7f851e1e507878e1f36999f43c9aaef954f77023bd5e5f8fdec7f3a9ee45ebae6bfb9b5abc4787d6a9cfaf2b04d13c9a379e56abbd41084100004025230401800cf8fb7f2fee757159e8125fbc7af0e0d33c50f0765decfbbc1e5ca4a7c5757f1f87257a5f5758a165e2f6783e4d2b7508a2f578f0a1f75ab7ffdbf8ad43fa4c851db96e1d525dd3e3b65a28faf7010000a85484200050a574b19aeb22d68b0200957400e0259e165fec7b60a190423d3ee21041f3a5c38e78b9f46778d8e0ebd47c75852075adb7a9459feb3fa38adeab2d9e473f8fb6f18a2953acc780017fda26ff59e3f96ba1e8f706000050a9084100a04ae9625517adbac04f5fc0abe8225ea1c27553a7fe25e8f0a265d3d33cfcd0581a1e5cc4f3f97ad5e6cba8c44147bae41382687a5dcb37a5c4c147fc3e9e473f8b071d9aa69fcbe7517bae7fb36a2f84200000a0921182004095f210444517ec7130e1a185870af1745de4fbed1f3e5f7cb1ef6d5abfb7c7f3a5430c0f2f72b5fb67eab37c5bd2f3a968bdc5783a4cbe6382c475df66c604010000a83c84200050a5e210444517f36af3e2a18317d5d3d3e270239e57ebf25b5972cda7575f978706e9f678f97408e24f96f152acc7e36a9dead1926b5a7d45dbcdd3610000002a0f21080054295dace6ba88a5fcb934a54747adf602512104010000958c100400aa142108a51885100400005432421000a85284209462144210000050c9084100a04ae96295422946010000a85484200000000000a02610820000000000809a40080200000000006a0221080000000000a80984200000000000a02610820000000000809a40080200000000006a0221080000000000a80984200000000000a02610820000000000809a40080200000000006a0221080000000000a80984200000000000a02610820000000000809a40080200000000006a0221080000000000a80984200000000000a02610820000000000809a40080200000000006a0221080000000000a80984200000000000a02610820000000000809a40080200000000006a0221080000000000a80984200000000000a02610820000000000809a40080200000000006a0221080000000000a80984200000000000a02610820000000000809a40080200000000006a0221080000000000a80984200000000000a02610820000000000809a40080200000000006a0221080000000000a80984200000000000a02610820000000000809a40080200000000006a80d9ff0f8595b9df5252ec3e0000000049454e44ae426082);

-- --------------------------------------------------------

--
-- Table structure for table `task`
--

CREATE TABLE `task` (
  `ID` int(11) NOT NULL,
  `Name` varchar(50) CHARACTER SET utf32 NOT NULL,
  `MemberID` int(11) NOT NULL,
  `ProjectID` int(11) NOT NULL
) ENGINE=InnoDB DEFAULT CHARSET=utf8;

--
-- Dumping data for table `task`
--

INSERT INTO `task` (`ID`, `Name`, `MemberID`, `ProjectID`) VALUES
(9, 'task1', 1, 8),
(10, 'task2', 2, 9),
(11, 'task3', 2, 10),
(12, 'tas4', 1, 8),
(13, 'task4', 1, 10),
(18, 'dgheyrg', 2, 9),
(19, 'Taskdilam', 1, 10);

--
-- Indexes for dumped tables
--

--
-- Indexes for table `admin`
--
ALTER TABLE `admin`
  ADD PRIMARY KEY (`ID`),
  ADD KEY `fk_project_client` (`ClientID`) USING BTREE;

--
-- Indexes for table `admin_1`
--
ALTER TABLE `admin_1`
  ADD PRIMARY KEY (`ID`),
  ADD KEY `MemberID` (`MemberID`),
  ADD KEY `ProjectID` (`ProjectID`),
  ADD KEY `ClientID` (`ClientID`);

--
-- Indexes for table `client`
--
ALTER TABLE `client`
  ADD PRIMARY KEY (`ID`),
  ADD KEY `fk_service` (`ServiceID`),
  ADD KEY `fk_client_project` (`ProjectID`);

--
-- Indexes for table `comment`
--
ALTER TABLE `comment`
  ADD PRIMARY KEY (`comment_id`);

--
-- Indexes for table `member`
--
ALTER TABLE `member`
  ADD PRIMARY KEY (`ID`),
  ADD KEY `fk_member` (`ID`) USING BTREE;

--
-- Indexes for table `post`
--
ALTER TABLE `post`
  ADD PRIMARY KEY (`post_id`);

--
-- Indexes for table `project`
--
ALTER TABLE `project`
  ADD PRIMARY KEY (`ID`),
  ADD KEY `fk_project_service` (`ServiceID`);

--
-- Indexes for table `recentwork`
--
ALTER TABLE `recentwork`
  ADD PRIMARY KEY (`id`);

--
-- Indexes for table `service_provided`
--
ALTER TABLE `service_provided`
  ADD PRIMARY KEY (`ID`);

--
-- Indexes for table `task`
--
ALTER TABLE `task`
  ADD PRIMARY KEY (`ID`),
  ADD KEY `fk_task_Projeect` (`ProjectID`),
  ADD KEY `fk_task_member` (`MemberID`),
  ADD KEY `ID` (`ID`);

--
-- AUTO_INCREMENT for dumped tables
--

--
-- AUTO_INCREMENT for table `admin`
--
ALTER TABLE `admin`
  MODIFY `ID` int(11) NOT NULL AUTO_INCREMENT, AUTO_INCREMENT=4;

--
-- AUTO_INCREMENT for table `admin_1`
--
ALTER TABLE `admin_1`
  MODIFY `ID` int(11) NOT NULL AUTO_INCREMENT, AUTO_INCREMENT=3;

--
-- AUTO_INCREMENT for table `client`
--
ALTER TABLE `client`
  MODIFY `ID` int(11) NOT NULL AUTO_INCREMENT, AUTO_INCREMENT=13;

--
-- AUTO_INCREMENT for table `comment`
--
ALTER TABLE `comment`
  MODIFY `comment_id` int(11) NOT NULL AUTO_INCREMENT, AUTO_INCREMENT=13;

--
-- AUTO_INCREMENT for table `member`
--
ALTER TABLE `member`
  MODIFY `ID` int(11) NOT NULL AUTO_INCREMENT, AUTO_INCREMENT=16;

--
-- AUTO_INCREMENT for table `post`
--
ALTER TABLE `post`
  MODIFY `post_id` int(11) NOT NULL AUTO_INCREMENT, AUTO_INCREMENT=20;

--
-- AUTO_INCREMENT for table `project`
--
ALTER TABLE `project`
  MODIFY `ID` int(11) NOT NULL AUTO_INCREMENT, AUTO_INCREMENT=11;

--
-- AUTO_INCREMENT for table `recentwork`
--
ALTER TABLE `recentwork`
  MODIFY `id` int(11) NOT NULL AUTO_INCREMENT, AUTO_INCREMENT=3;

--
-- AUTO_INCREMENT for table `service_provided`
--
ALTER TABLE `service_provided`
  MODIFY `ID` int(11) NOT NULL AUTO_INCREMENT, AUTO_INCREMENT=3;

--
-- AUTO_INCREMENT for table `task`
--
ALTER TABLE `task`
  MODIFY `ID` int(11) NOT NULL AUTO_INCREMENT, AUTO_INCREMENT=20;

--
-- Constraints for dumped tables
--

--
-- Constraints for table `admin_1`
--
ALTER TABLE `admin_1`
  ADD CONSTRAINT `admin_1_ibfk_1` FOREIGN KEY (`MemberID`) REFERENCES `member` (`ID`),
  ADD CONSTRAINT `admin_1_ibfk_2` FOREIGN KEY (`ProjectID`) REFERENCES `project` (`ID`),
  ADD CONSTRAINT `admin_1_ibfk_3` FOREIGN KEY (`ClientID`) REFERENCES `client` (`ID`);

--
-- Constraints for table `client`
--
ALTER TABLE `client`
  ADD CONSTRAINT `fk_client_project` FOREIGN KEY (`ProjectID`) REFERENCES `project` (`ID`),
  ADD CONSTRAINT `fk_service` FOREIGN KEY (`ServiceID`) REFERENCES `service_provided` (`ID`);

--
-- Constraints for table `project`
--
ALTER TABLE `project`
  ADD CONSTRAINT `fk_project_service` FOREIGN KEY (`ServiceID`) REFERENCES `service_provided` (`ID`);

--
-- Constraints for table `task`
--
ALTER TABLE `task`
  ADD CONSTRAINT `fk_task_Projeect` FOREIGN KEY (`ProjectID`) REFERENCES `project` (`ID`),
  ADD CONSTRAINT `fk_task_member` FOREIGN KEY (`MemberID`) REFERENCES `member` (`ID`);
COMMIT;

/*!40101 SET CHARACTER_SET_CLIENT=@OLD_CHARACTER_SET_CLIENT */;
/*!40101 SET CHARACTER_SET_RESULTS=@OLD_CHARACTER_SET_RESULTS */;
/*!40101 SET COLLATION_CONNECTION=@OLD_COLLATION_CONNECTION */;
